Equations to list activation energy (E/R) and pre-exponential factor (D0),,,,,,,,,,,,,,,,,,,,,,,,,,
,,,,,,,,,dif compon,,,,,Anhydrous melt composition (wt%),,,,,,,,,,,,
Entry#,Melt,dif species,Type of dif,T range,P range,logfO2,PH2O,H2Ot,C range,lnD0,2s error,Ea/R,2s error,SiO2,TiO2,Al2O3,FeOt,MnO,MgO,CaO,Na2O,K2O,P2O5,Total,Ref#,Comments
,,,,K,GPa,Pa,MPa,wt%,wt%,m2/s,,K,,,,,,,,,,,,,,
1,silica,H2,Tracer,300-1273,0 to 0.0001,low,,,,-16.47,0.07,5363,33,100,,,,,,,,,,,Shang2009GCA 73; 5435,
2,rhyolite,H2Om,Tracer,676-1900,0 to 1.9,,,0-8,0-8,"lnD=-14.26+1.888P-37.26X-(12939+3626P-75884X)/T where T is in K, P is in GPa, X is mole fraction of H2Ot on a single oxygen basis",,,,,,,,,,,,,,,Ni2009GCA 73; 3642,
3,rhyolite,H2Ot,Tracer,676-1900,0 to 1.9,,,0-1,,"lnD=lnw-18.10+1.888P-(9699+3626P)/T where T is in K, P is in GPa, and w is H2Ot in wt%",,,,,,,,,,,,,,,Ni2009GCA 73; 3642,
4,peralkaline rhyolite,H2Om,Tracer,789-1516,0-1.4,,,0-4.6,0-4.6,"lnD=-12.79-27.87X-(13939+1230P-60559X)/T where T is in K, P is in GPa, X is mole fraction of H2Ot on a single oxygen basis",,,,,,,,,,,,,,,Ni2009GCA 73; 3642,
5,peralkaline rhyolite,H2Ot,Tracer,789-1516,0-1.4,,,0-1,,"lnD=lnw-16.55-(10870+1101P)/T where T is in K, P is in GPa",,,,,,,,,,,,,,,Ni2009GCA 73; 3642,
6,dacite,H2Om,Tracer,786-1800,0 to 1,,,0-8,0-8,"lnD=-9.42-62.38X-(19064+1477P-108882X)/T where T is in K, P is in GPa, X is mole fraction of H2Ot on a single oxygen basis",,,,,,,,,,,,,,,Ni2009GCA 73; 3642,
7,dacite,H2Ot,Tracer,786-1800,0 to 1,,,0-1,,"lnD=lnw-13.32-(15722+1466P)/T where T is in K, P is in GPa",,,,,,,,,,,,,,,Ni2009GCA 73; 3642,
8,andesite,H2Om,Tracer,743-873,0.1,,,0-2.5,0-2.5,"lnD=-12.27-13.91X-(18172-73136X)/T where T is in K, X is mole fraction of H2Ot on a single oxygen basis",,,,,,,,,,,,,,,Ni2009GCA 73; 3642,
9,andesite,H2Ot,Tracer,773-1473,0 to 1.5,,,0-1,,"lnD=lnw-11.8-18340/T where T is in K, and w is H2Ot wt%",,,,,,,,,,,,,,,Ni2009GCA 73; 3642,
10,basalt,H2Ot,Tracer,673-1773,0 to 0.5,,,0-1,,"lnD=lnw-8.56-19110/T where T is in K, and w is H2Ot wt%",,,,,,,,,,,,,,,Zhang2007RG 45; RG4004,
11,basalt,H2Ot,Tracer,673-1773,0 to 1,,,1,,-8.56,0.8,19110,708,,,,,,,,,,,,Zhang2007RG 45; RG4004,
12,trachyte,H2Ot,Tracer,1373-1673,1,,,1,,"lnD=lnw-11.9-17975/T where T is in K, and w is H2Ot wt%",,,,,,,,,,,,,,,Freda2003GSSP 213; 53,
13,rhyolite to andesite,H2Ot,Tracer,676-1900,0 to 1.9,,,1,,"lnD = 12.06+14.75AI-42.22Si+2.716P*Si-[42021-45407Si+(7409Si-1593)P]/T  where T is in K, P is in GPa, Si is cation mole fraction, AI=Na+K-Al",,,,,,,,,,,,,,,This volume,
14,,,,,,,,,,,,,,,,,,,,,,,,,,
15,basalt1,Li,Tracer,1569-1673,0.0001,,,,,-11.76,1.57,13967,2539,45.89,3.72,16.55,11.513,0.18,6.3,9.62,3.79,1.73,0.52,99.81,Lowry1981EPSL 53; 36,temperature span is small
16,andesite2,Li,Tracer,1571-1673,0.0001,,,,,-13.56,3.63,10755,3882,57.8,0.85,19.14,6.281,0.11,3.45,6.27,4.31,1.79,0.2,100.20,Cunningham1983EPSL 65; 203,temperature span is small
17,Ab39Or61 melt,Li,Tracer,728-1053,0.0001,,,,,-15.31,2.6,8569,2269,65.17,,18.2,,,,,5.02,11.81,,100.2,Jambon1978EPSL 37; 445,
18,albite melt,Li,Tracer,742-1183,0.0001,,,,,-11.05,2.45,11374,2259,68.4,,19.5,,,,,11.9,,,99.8,Jambon1978EPSL 37; 445,
19,dacite4(pitchstone),Li,Tracer,1575-1672,0.0001,,,,,-14.01,2.71,9684,4393,69,1.02,13.11,4.916,0.13,1,2.7,4.21,2.72,0.24,99.05,Cunningham1983EPSL 65; 203,temperature span is small
20,rhyolite5,Li,Tracer,570-1182,0.0001,,,,,-13.04,1.06,10966,855,73.01,0.2,12.57,2.71,0.05,0.54,0.41,5.05,4.6,,99.14,Jambon1982JGR 87; 10797,
21,jadeite melt,Li,Tracer,758-1173,0.0001,,,,,-13.48,0.636,9459,592,59.86,,25.52,0.023,0.021,0.004,0.018,14.58,0.022,,100.048,Roselieb1998NJMA 172; 245,
22,All available melts,Li,Tracer,570-1673,0.0001,,,,,lnD=(-13.36-(11918-7684X)/T where X is mole fraction of NaAlO2+KAlO2,,,,,,,,,,,,,,,This work,
23,,,,,,,,,,,,,,,,,,,,,,,,,,
24,Ab10An90,Na,Tracer,953-1163,0.0001,,,,,-9.42,5.25,24578,5531,45.1,,34.6,,,,17.7,1.14,0.02,,98.56,Behrens1992CG 96; 267,
25,Ab30An70 melt,Na,Tracer,673-1273,0.0001,,,,,-12.78,0.93,16542,926,51.12,,31.63,,,,14.5,3.55,0.02,,100.82,Behrens1992CG 96; 267,
26,Ab40An60 melt,Na,Tracer,674-1073,0.0001,,,,,-14.99,0.73,12874,614,53.17,,29.76,,,,12.23,4.25,0.02,,99.43,Behrens1992CG 96; 267,
27,Ab50An50 melt,Na,Tracer,673-1263,0.0001,,,,,-13.91,0.61,12626,590,55.2,,28.24,,,,10.59,5.75,0.04,,99.82,Behrens1992CG 96; 267,
28,albite melt,Na,Tracer,623-1068,0.0001,,,,,-16.62,2.36,6318,1876,69,,20.44,,,,,10.9,,,100.34,Jambon1976GCA 40; 897,
29,All dry plag melts,Na,Tracer,623-1263,0.0001,,,,,lnD=(-16.87+5.32*X)-(6158+5769*X+12480*X^2)/T where X is mole fraction of An in plagioclase,,,,,,,,,,,,,,,This work,
30,basalt1,Na,Tracer,1577-1673,0.0001,,,,,-9.32,1.89,19729,3066,45.89,3.72,16.55,11.759,0.18,6.3,9.62,3.72,1.66,0.52,99.92,Lowry1982CMP 80; 254,temperature span is small
31,basalt11(cpx diss),Na,SEBD,1544-1790,0.47 to 1.9,,,0.3,,-7.25,4.14,27474,6858,50.23,1.94,13.61,12.06,0.22,7.05,10.75,2.73,0.17,0.1,98.86,Chen2009GCA 73; 5730,Pressure effect is insignificant
32,andesite2,Na,Tracer,1561-1674,0.0001,,,,,-13.86,2.95,12109,4781,57.76,0.85,19.14,6.281,0.11,3.45,6.27,4.31,1.79,0.2,100.161,Lowry1982CMP 80; 254,temperature span is small
33,orthoclase melt,Na,Tracer,623-1068,0.0001,,,,,-12.7,4.62,10916,3542,64.62,,18.25,,,,,0.15,16.5,,99.52,Jambon1976GCA 40; 897,
34,dacite4(pitchstone),Na,Tracer,1574-1675,0.0001,,,,,-9.84,4.68,17954,7597,69,1.02,13.11,5.3,0.13,1,2.7,4.21,2.72,0.24,99.43,Henderson1985CMP 89; 263,temperature span is small
35,pantellerite1,Na,Tracer,1470-1575,0.0001,,,,,-12.76,4.65,12299,7079,69.2,0.44,10.75,8.5,0.3,0.11,0.56,6.32,4.14,0.02,100.34,Henderson1985CMP 89; 263,temperature span is small
36,rhyolite5,Na,Tracer,411-775,0.0001,,,,,-13.8,0.71,10067,424,73.01,0.2,12.57,2.71,0.05,0.54,0.41,5.05,4.6,,99.14,Jambon1982JGR 87; 10797,
37,wet rhyolite12,Na,Tracer,973-1173,0.21,,,3.5,,-14.93,2.11,8206,2188,76.01,0.11,13,0.7,0.08,0.09,0.52,3.65,4.81,,99.14,Watson1981EPSL 52; 291,
38,rhyolite15,Na,Tracer,630-731,0.0001,,,0.11,,-13.02,,11525,,76.87,0.07,12.2,0.94,0.05,0.05,0.3,4.38,4.4,,99.26,Magaritz1982GCA 42; 595,
39,rhyolite5 & rhyolite15,Na,Tracer,411-1173,?0.2,,,,,-13.52,0.39,10210,243,,,,,,,,,,,,This work,
40,,,,,,,,,,,,,,,,,,,,,,,,,,
41,Ab25Or75 melt,Na-K,binary ID,1073-1740,1,,,,,-10.39,0.6,17541,871,66.1325,,19.075,,,,,2.855,13.32,,101.38,Freda1998GCA 62; 2997,
42,Ab50Or50 melt,Na-K,binary ID,1073-1740,1,,,,,-11.22,1.18,16758,1703,67.135,,18.89,,,,,5.71,8.88,,100.62,Freda1998GCA 62; 2997,
43,Ab75Or25 melt,Na-K,binary ID,1073-1740,1,,,,,-11.5,1.82,16629,2657,68.1375,,19.075,,,,,8.565,4.44,,100.22,Freda1998GCA 62; 2997,
44,All dry and wet albite-orthoclase melts,Na-K,binary ID,1073-1740,1 to 2,,,,,lnD=(-11.51-0.6067w+0.95X)-(16976-1189w)/T where X is mole fraction of Or in Ab-Or melt and w is wt% of H2Ot,,,,,,,,,,,,,,,This work,lnD is assumed to be linear to H2Ot content
45,,,,,,,,,,,,,,,,,,,,,,,,,,
46,jadeite melt,K,Tracer,1073-1291,0.0001,,,,,-12.11,1.62,15281,1888,59.86,,25.52,0.023,0.021,0.004,0.018,14.58,0.022,,100.048,Roselieb1997GCA 61; 3101,
47,orthoclase melt,K,Tracer,633-1226,0.0001,,,,,-18.21,0.73,8506,606,64.62,,18.25,,,,,0.15,16.5,,99.52,Jambon1976GCA 40; 897,
48,albite melt,K,Tracer,610-1262,0.0001,,,,,-15.19,0.49,11982,451,69,,20.44,,,,,10.9,,,100.34,Jambon1976GCA 40; 897,
49,rhyolite5,K,Tracer,645-1118,0.0001,,,,,-14.87,1.11,12775,927,73.01,0.2,12.57,2.71,0.05,0.54,0.41,5.05,4.6,,99.14,Jambon1982JGR 87; 10797,
50,,,,,,,,,,,,,,,,,,,,,,,,,,
51,phonolite1,Rb,Tracer,1423-1523,0.5,,,0.03-0.07,,-3.85,9.09,31207,13376,59.8,0.78,19.52,2.95,,0.66,3.86,5.5,7.31,,100.38,Behrens2009CG 259; 63,
52,jadeite melt,Rb,Tracer,1073-1293,0.0001,,,,,-12.01,1,19685,1132,59.86,,25.52,0.023,0.021,0.004,0.018,14.58,0.022,,100.048,Roselieb1997GCA 61; 3101,
53,wet HA1,Rb,Tracer,1473-1673,0.5,,,4.5-5.2,,-12.76,0.77,15662,1166,62.09,,19.47,,,2.53,10.64,4.25,1.02,,100,Koepke2001GCA 65; 1481,
54,dry & wet haploandesite,Rb,Tracer,1473-1673,0.5,,,,,"lnD = -11.77-(22875-1155w)/T  where w is H2Ot wt%, T is in K",,,,,,,,,,,,,,,This work,
55,trachyte1,Rb,Tracer,1323-1527,0.5,,,0.04-0.1,,-15.38,4.58,16757,6611,62.37,0.48,18.61,3.68,,0.24,1.73,5.43,7.25,,99.79,Behrens2009CG 259; 63,
56,wet trachyte1,Rb,Tracer,1323-1527,0.5,,,1.1-1.7,,-13.59,2.03,14429,2881,62.37,0.48,18.61,3.68,,0.24,1.73,5.43,7.25,,99.79,Behrens2009CG 259; 63,
57,dry and wet trachyte,Rb,Tracer,1323-1527,,,,0.04-1.71,,"lnD = -13.82-(19137-3458w)/T  where w is H2Ot wt%, T is in K",,,,,,,,,,,,,,,This work,
58,orthoclase melt,Rb,Tracer,793-1268,0.0001,,,,,-15.68,1.05,11915,1006,64.62,,18.25,,,,,0.15,16.5,,99.52,Jambon1976GCA 40; 897,
59,albite melt,Rb,Tracer,793-1268,0.0001,,,,,-14.57,0.75,16272,713,69,,20.44,,,,,10.9,,,100.34,Jambon1976GCA 40; 897,
60,rhyolite5,Rb,Tracer,693-1218,0.0001,,,,,-15.42,0.27,15299,249,73.01,0.2,12.57,2.71,0.05,0.54,0.41,5.05,4.6,,99.14,Jambon1982JGR 87; 10797,
61,,,,,,,,,,,,,,,,,,,,,,,,,,
62,basalt1,Cs,Tracer,1576-1675,0.0001,,,,,-4.39,4.19,32943,6809,45.89,3.72,16.55,11.759,0.18,6.3,9.62,3.72,1.66,0.52,99.92,Lowry1982CMP 80; 254,
63,andesite2,Cs,Tracer,1569-1674,0.0001,,,,,-7.24,5,30846,8097,57.76,0.85,19.14,6.281,0.11,3.45,6.27,4.31,1.79,0.2,100.16,Lowry1982CMP 80; 254,
64,jadeite melt,Cs,Tracer,1073-1293,0.0001,,,,,-8.55,1.1,29267,1278,59.86,,25.52,0.023,0.021,0.004,0.018,14.58,0.022,,100.048,Roselieb1997GCA 61; 3101,
65,orthoclase melt,Cs,Tracer,855-1313,0.0001,,,,,-11.47,2.17,20326,2278,64.62,,18.25,,,,,0.15,16.5,,99.52,Jambon1976GCA 40; 897,
66,HR7+Na,Cs,Tracer,1083-1473,0.0001,,,0.071,,-13.48,5.47,15198,6753,66.15,,9.62,,,,,20.59,3.64,,100.00,Mungall1999GCA 63; 2599,
67,dacite4(pitchstone),Cs,Tracer,1573-1672,0.0001,,,,,-10.78,8.44,26277,13684,69,1.02,13.11,5.30,0.13,1,2.7,4.21,2.72,0.24,99.43,Henderson1985CMP 89; 263,
68,albite melt,Cs,Tracer,978-1313,0.0001,,,,,-3.98,0.9,34052,1022,69,,20.44,,,,,10.9,,,100.34,Jambon1976GCA 40; 897,
69,albite melt,Cs,Tracer,1123-1223,0.0001,,,,,-7.13,?,31949,?,69.1,,19.33,,,,,11.74,0.022,,100.192,Roselieb1997GCA 61; 3101,
70,pantellerite1,Cs,Tracer,1473-1575,0.0001,,,,,4.65,11.12,48083,16959,69.2,0.44,10.75,8.50,0.3,0.11,0.56,6.32,4.14,0.02,100.34,Henderson1985CMP 89; 263,
71,rhyolite5,Cs,Tracer,875-1188,0.0001,,,,,-11.49,2.21,25271,2260,73.01,0.2,12.57,2.71,0.05,0.54,0.41,5.05,4.6,,99.14,Jambon1982JGR 87; 10797,
72,rhyolite15,Cs,Tracer,1063-1573,0.0001,,,0.11,,-10.86,1.81,27764,2.26,76.87,0.07,12.2,0.94,0.05,0.05,0.3,4.38,4.4,,99.26,Jambon1982JGR 87; 10797,
73,HR7 (HPG8),Cs,Tracer,1410-1873,0.0001,,,0.076,,-12.89,1.98,25040,3270,79.425,,11.64,,,,,4.77,4.165,,100.00,Mungall1999GCA 63; 2599,
74,wet HR7,Cs,Tracer,1573-1873,1,,,3.64,,-15.03,?,15153,?,79.425,,11.64,,,,,4.77,4.165,,100.00,Mungall1999GCA 63; 2599,
75,rhyolite15 & HR7,Cs,Tracer,1063-1873,0.0001,,,,,-11.98,0.990502,26406,1329.4,,,,,,,,,,,,This work,
76,All dry melts,,,,,,,,,"lnD = 16.53-32.43X1-37.3X2-(51068-27975X1-68760X2+1649P)/T  where T is in K, P is in GPa, X1=mole fractions of Si+Ti+Al+P, and X2=max(Na+K-Al,0)",,,,,,,,,,,,,,,This work,
77,,,,,,,,,,,,,,,,,,,,,,,,,,
78,HR7+Na,Be,Tracer,1083-1473,0.0001,,,0.071,,-7.9,5.05,27560,6232,66.15,,9.62,,,,,20.59,3.64,,100.00,Mungall1999GCA 63; 2599,
79,HR7 (HPG8),Be,Tracer,1410-1873,0.0001,,,0.076,,-8.38,2.62,38690,4236,79.425,,11.64,,,,,4.77,4.165,,100.00,Mungall1999GCA 63; 2599,
80,wet HR7,Be,Tracer,1573-1873,1,,,3.64,,-14.82,?,18094,?,79.425,,11.64,,,,,4.77,4.165,,100.00,Mungall1999GCA 63; 2599,
81,,,,,,,,,,,,,,,,,,,,,,,,,,
82,basic,Mg,Self,1534-1826,0.0001,,,,,-0.25,3.54,41241,5996,43.71,,32.29,,,11.69,12.76,,,,100.55,Sheng1992GCA 56; 2535,
83,HB1,Mg,Self,1623-1773,0.0001,air & reduced,,,,-10.71,0.99,21057,1683,47.6,,16.4,,,16.9,19.4,,,,100.3,LaTourrette1997GCA 61; 755,
84,basalt11(oliv diss),Mg,SEBD,1543-1753,0.47 to 1.42,,,0.2-0.4,,-7.92,1.5,26222,2470,50.23,1.94,13.61,12.06,0.22,7.05,10.75,2.73,0.17,0.1,98.86,Chen2008GCA 72; 4756,pressure effect is insignificant
85,basalt11(cpx diss),Mg,SEBD,1544-1790,0.47 to 1.9,,,0.2-0.4,,-6.65,1.46,28922,2420,50.23,1.94,13.61,12.06,0.22,7.05,10.75,2.73,0.17,0.1,98.86,Chen2008GCA 72; 4756,pressure effect is insignificant
86,andesite1(oliv diss),Mg,SEBD,1488-1673,0.55 to 1.5,,,,,-3.53,3.96,35049,6283,56.3,1.21,17.85,6.87,0.1285,3.945,7.62,3.805,1.7,0.385,99.8135,Zhang1989CMP 102; 492,pressure effect is insignificant
87,andesite1(cpx diss),Mg,SEBD,1558-1648,1.05 to 2.15,,,,,-3.1,9.98,36036,16010,56.3,1.21,17.85,6.87,0.1285,3.945,7.62,3.805,1.7,0.385,99.8135,Zhang1989CMP 102; 492,pressure effect is insignificant
88,jadeite melt,Mg,Tracer,1073-1293,0.0001,,,,,-10.62,1.54,25615,1799,59.86,,25.52,0.023,0.021,0.004,0.018,14.58,0.022,,100.048,Roselieb1997GCA 61; 3101,
89,HR7+Na,Mg,Tracer,1083-1473,0.0001,,,0.071,,-12.12,0.87,20701,1067,66.15,,9.62,,,,,20.59,3.64,,100.00,Mungall1999GCA 63; 2599,
90,albite melt,Mg,Tracer,1073-1293,0.0001,,,,,-10.09,3.01,28189,3491,69.1,,19.33,,,,,11.74,0.022,,100.19,Roselieb2002GCA 66; 109,
91,HR7 (HPG8),Mg,Tracer,1410-1873,0.0001,,,0.076,,-11.77,4.51,29341,7457,79.425,,11.64,,,,,4.77,4.165,,100.00,Mungall1999GCA 63; 2599,
92,wet HR7,Mg,Tracer,1573-1873,1,,,3.64,,-14.94,?,16963,?,79.425,,11.64,,,,,4.77,4.165,,100.00,Mungall1999GCA 63; 2599,
93,dry basalt to rhyolite,Mg,"SD, TD, SEBD",1410-1826,0.0001-1.9,,,0-0.4,,"lnD = -5.17-11.37*X1-2.16*X2-(10993+17839*X3)/T where T is in K, X1=X(Si); X2=X(FM) and X3=X(SA) where FM=Fe+Mn+Mg and SA=Si+Al (cation mole fractions)",,,,,,,,,,,,,,,This work,
94,,,,,,,,,,,,,,,,,,,,,,,,,,
95,HB1,Ca-44,Self,1623-1773,0.0001,,,,,-11.07,3.092,20684,5269.6,47.7,,16,,,16.4,19.2,,,,99.3,LaTourrette1996GCA 60; 1329,
96,basalt10,Ca-45,Tracer,1523-1723,0.0001,,,,,-10.52,,22142,,49.68,2.59,12.70,11.05,0.17,9.46,10.79,2.31,0.48,,99.3,Hofmann1977JGR 82; 5432,
97,basalt11(cpx diss),Ca,SEBD,1544-1790,0.5-1.9,,,0.2-0.4,,-10.52,1.8,21204,2946,50.88514429,1.678778571,11.85318286,11.37854357,0.208460714,8.17966,12.21601571,2.396236429,0.135257857,0.101283571,99.03256357,Chen2009GCA 73; 5730,
98,basalt4; HB1; LB1,Ca,SD and SEBD,1544-1790,0.0001-1.9,,,,,-11.79,1.43,19138,2349,,,,,,,,,,,,This work,
99,mugearite,Ca,SEBD,1503-1696,0.0001,,,,,-19.4,3.9146,8275,6240,52.26,1.98,17.985,7.841,0.19,3.44,8.735,4.545,2.15,0.59,99.716,Medford1973CJES 10; 394,
100,Ab40An60 melt,Ca-45,Self and tracer,993-1123,0.0001,,,,,-5.34,6.28,30761,6595.6,53.17,,29.76,,,,12.23,4.25,0.02,,99.43,Behrens1992CG 96; 267,
101,andesite1(cpx diss),Ca,SEBD,1558-1648,1-2.1,,,0.04,,-4.56,3.66,32709,5874.64,56.3,1.105,14.925,7.185,0.107443277,5.9725,9.31,3.181491597,1.421428571,0.321911765,99.82977521,Zhang1989CMP 102; 492,
102,jadeite melt,Ca,Tracer,1073-1293,0.0001,,,,,-12.48,0.72,18465,850.4,59.86,,25.52,0.023,,0.004,0.018,14.58,0.022,,100.03,Roselieb2002GCA 66; 109,
103,HR7+Na,Ca,Tracer,1083-1473,0.0001,,,,,-12.8,2.46,17357,3038.8,66.15,,9.62,,,,,20.59,3.64,,100,Mungall1999GCA 63; 2599,
104,albite melt,Ca,Tracer,923-1298,0.0001,,,,,-12.59,1.3878,19105,1576.9,69.1,,19.33,,,,,11.74,0.022,,100.19,Roselieb2002GCA 66; 109,
105,rhyolite5,Ca,Tracer,905-1204,0.0001,,,,,-1.51,0.986,34203,1034.54,73.01,0.2,12.57,2.71,0.05,0.54,0.41,5.05,4.6,,99.14,Jambon1982JGR 87; 10797,
106,rhyolite12(ap diss),Ca,SEBD,1473-1673,0.8,,,,,8.57,5.6988,56918,8928.96,76.01,0.11,13,0.7,,0.09,0.52,3.65,4.81,,98.89,Harrison1984GCA 48; 1467,
107,wet rhyolite12(ap diss),Ca,SEBD,1473-1673,0.8,,,1,,21.08,?,10672,?,76.01,0.11,13,0.7,,0.09,0.52,3.65,4.81,,98.89,Harrison1984GCA 48; 1467,
108,HR7 (HPG8),Ca,Tracer,1410-1873,0.0001,,,,,-10.58,2.634,29830,4356,79.425,,11.64,,,,,4.77,4.165,,100,Mungall1999GCA 63; 2599,
109,wet HR7,Ca,Tracer,1573-1873,1,,,3.6,,-15.03,?,15153,?,79.425,,11.64,,,,,4.77,4.165,,100,Mungall1999GCA 63; 2599,
110,,,,,,,,,,,,,,,,,,,,,,,,,,
111,basalt1,Sr,Tracer,1567-1675,0.0001,,,,,-8.15,4,25530,6430,45.89,3.72,16.55,11.759,0.18,6.3,9.62,3.72,1.66,0.52,99.92,Lowry1982CMP 80; 254,
112,basalt10,Sr-86,Tracer,1532-1719,0.0001,,,,,-10.49,,21890,,49.68,2.59,12.7,11.05,0.17,9.46,10.79,2.31,0.48,,49.55,Hofmann1977JGR 82; 5432,
113,basalts,Sr,Tracer,1532-1719,0.0001,,,,,-11.4,2.4,20361,3881,,,,,,,,,,,,,
114,andesite2,Sr,Tracer,1566-1676,0.0001,,,,,-14.3,2.786,17277,4516,57.76,0.85,19.14,6.281,0.11,3.45,6.27,4.31,1.79,0.2,100.16,Lowry1982CMP 80; 254,
115,phonolite1,Sr,Tracer,1373-1528,0.5,,,,,-7.5,4.96,26793,7206,59.8,0.78,19.52,2.95,,0.66,3.86,5.5,7.31,,100.38,Behrens2009CG 259; 63,
116,dry and wet phonolite,Sr,Tracer,1373-1528,0.5,,,0-1.9,,lnD=-8.98-(24708-1644w)/T  where T is in K and w is wt% of H2Ot,,,,,,,,,,,,,,,This work,
117,jadeite melt,Sr,Tracer,1073-1293,0.0001,,,,,-12.99,0.866,17973,1020,59.86,,25.52,0.023,,0.004,0.018,14.58,0.022,,100.03,Roselieb2002GCA 66; 109,
118,trachyte1,Sr,Tracer,1323-1527,0.5,,,,,-13.77,1.82,20788,2622,62.37,0.48,18.61,3.68,,0.24,1.73,5.43,7.25,,99.79,Behrens2009CG 259; 63,
119,dry and wet trachyte,Sr,Tracer,1323-1527,0.5,,,0-1.7,,lnD=-12.71-(22435-3430w)/T  where T is in K and w is wt% of H2Ot,,,,,,,,,,,,,,,This work,
120,albite melt,Sr,Tracer,918-1293,0.0001,,,,,-12.55,1.294,19222,1440.6,69.1,,19.33,,,,,11.74,0.022,,100.19,Roselieb2002GCA 66; 109,
121,rhyolite2,Sr,Self,1528-1738,1,,,,,-16.25,0.98,16352,1589.2,72.1,0.2,14.86,2.2,,0.47,2.03,4.13,3.2,,99.19,Lesher1994 JGR 99; 9585,
122,rhyolite8,Sr,Tracer,1448-1673,1,,,<0.8,,-9.46,3.78,27272,5914,73.68,0.28,13.64,1.815,0.1,0.22,0.99,4.57,4.09,,99.28,Perez1996GCA 60; 1387,
123,rhyolites,Sr,SD & TD,1448-1738,?1,,,<0.8,,-14.8,0.65,18745,824,,,,,,,,,,,,This work,
124,rhyolite15,Sr,Tracer,948-1173,0.0001,,,0.11,,-12.11,0.8,21488,805,76.87,0.07,12.2,0.94,0.05,0.05,0.3,4.38,4.4,,99.26,Magaritz1978GCA 42; 595,
125,HR7 (HPG8),Sr,Tracer,1673-1873,0.0001,,,,,-11.76,3.234,26420,5348,79.425,,11.64,,,,,4.77,4.165,,100,Mungall1999GCA 63; 2599,
126,,,,,,,,,,,,,,,,,,,,,,,,,,
127,basalt1,Ba-133,Tracer,1572-1672,0.0001,,,,,-11.71,2.432,20412,3944,45.89,3.72,16.55,11.759,0.18,6.3,9.62,3.72,1.66,0.52,99.92,Lowry1982CMP 80; 254,
128,HB1,Ba,Self,1623-1773,0.0001,,,,,-11.23,5.034,21816,8576.52,47.7,,16,,,16.4,19.2,,,,99.3,LaTourrette1996GCA 60; 1329,
129,basalt10,Ba-133,Tracer,1534-1713,0.0001,,,,,-13.38,4.02502,17655,6497.454,49.68,2.59,12.7,11.05,0.17,9.46,10.79,2.31,0.48,,99.23,Hofmann1977JGR 82; 5432,
130,all dry basalts (basalt1; basalt3; and haplobasalt),Ba,Self and tracer,1534-1773,0.0001,,,,,-14.68,2.31,15691,3800,,,,,,,,,,,,This work,
131,andesite2,Ba,Tracer,1572-1671,0.0001,,,,,-10.76,0.5876,24065,2249.72,57.76,0.85,19.14,6.281,0.11,3.45,6.27,4.31,1.79,0.2,100.16,Lowry1982CMP 80; 254,
132,phonolite1,Ba,Tracer,1373-1523,0.5,,,0.03-0.07,,-6.79,3.134,28590,4554,59.8,0.78,19.52,2.95,,0.66,3.86,5.5,7.31,,100.38,Behrens2009CG 259; 63,
133,wet phonolite1,Ba,Tracer,1323-1528,0.5,,,1.6-1.86,,-7.99,1.473,23829,2107.52,59.8,0.78,19.52,2.95,,0.66,3.86,5.5,7.31,,100.38,Behrens2009CG 259; 63,
134,dry and wet phonolite,Ba,Tracer,1323-1528,0.5,,,0-1.9,,lnD = -8.63-(25996+1805w)/T  where T is in K and Cw is H2Ot wt%,,,,,,,,,,,,,,,This work,
135,jadeite melt,Ba,Tracer,1073-1293,0.0001,,,,,-10.18,0.914998,23863,1082.4,59.86,,25.52,0.023,,0.004,0.018,14.58,0.022,,100.03,Roselieb2002GCA 66; 109,
136,dry jadeite vs P,Ba,Tracer,1073-1723,0.0001-2,,,,,lnD = -10.87-(23066+1050P)/T  where T is in K and P is in GPa,,,,,,,,,,,,,,,Nakamura1998GCA 62; 3151,
137,trachyte1,Ba,Tracer,1323-1527,0.5,,,0.04-0.1,,-15.64,2.63,18901,3794,62.37,0.48,18.61,3.68,,0.24,1.73,5.43,7.25,,99.79,Behrens2009CG 259; 63,
138,dry and wet trachyte,Ba,Tracer,1323-1527,0.5,,,0-1.7,,lnD = -14.34-(20885+3065w)/T  where T is in K and Cw is H2Ot wt%,,,,,,,,,,,,,,,This work,
139,HR7+Na,Ba,Tracer,1083-1473,0.0001,,,,,-13.03,4.7,15503,5802,66.15,,9.62,,,,,20.59,3.64,,100,Mungall1999GCA 63; 2599,
140,dacite4,Ba,Tracer,1573-1672,0.0001,,,,,-16.74,4.708,15313,7634,69,1.02,13.11,5.3,0.13,1,2.7,4.21,2.72,0.24,99.43,Henderson1985CMP 89; 263,
141,albite melt,Ba,Tracer,1073-1293,0.0001,,,,,-11.98,2.4868,22660,2906,69.1,,19.33,,,,,11.74,0.022,,100.19,Roselieb2002GCA 66; 109,
142,pantellerite1,Ba,Tracer,1470-1575,0.0001,,,,,-11.22,4.904,23870,7463.2,69.2,0.44,10.75,8.5,0.3,0.11,0.56,6.32,4.14,0.02,100.34,Henderson1985CMP 89; 263,
143,rhyolite5,Ba,Tracer,905-1083,0.0001,,,,,-2.78,?,32455,?,73.01,0.2,12.57,2.71,0.05,0.54,0.41,5.05,4.6,,99.14,Jambon1982JGR 87; 10797,
144,rhyolite15,Ba-133,Tracer,973-1226,0.0001,,,0.11,,-12.48,1.39,22695,1510,76.87,0.07,12.2,0.94,0.05,0.05,0.3,4.38,4.4,,99.26,Magaritz1978GCA 42; 595,
145,HR7 (HPG8),Ba,Tracer,1410-1873,0.0001,,,,,-13.72,0.3592,23020,593.8,79.425,,11.64,,,,,4.77,4.165,,100,Mungall1999GCA 63; 2599,
146,wet HR7,Ba,Tracer,1573-1873,1,,,3.6,,-12.79,?,19225,?,79.425,,11.64,,,,,4.77,4.165,,100,Mungall1999GCA 63; 2599,
147,,,,,,,,,,,,,,,,,,,,,,,,,,
148,dacite1,B,Tracer,1673-1873,1,,,,,-4.42,3.9704,38380,6798.2,63.51,0.56,17.61,4.91,,1.68,5.24,4.67,1.77,,99.95,Baker1992GCA 56; 617,
149,HR7+Na,B,Tracer,1083-1473,0.0001,,,,,-7.62,6.8104,27611,8402.6,66.15,,9.62,,,,,20.59,3.64,,100,Mungall1999GCA 63; 2599,
150,rhyolite14,B,Tracer,1573-1773,1,,,,,-1.73,16.5932,48053,27664,76.37,0.11,13.35,0.79,0.06,0.07,0.51,4.31,4.67,,100.24,Baker1992GCA 56; 617,
151,HR7 (HPG8),B,FEBD,1473-1873,0.0001,,,,,-8.72,1.386,38816,2306.7,78.5,,11.98,,,,,4.565,4.2,,99.245,Chakraborty1993GCA 57; 1741,
152,HR7,B,Tracer and FEBD,1473-1873,?1,,,,,lnD = -8.56-0.486C-(39664-1162C)/T where T is in K and C is wt% of B2O3,,,,,,,,,,,,,,,This work,
153,,,,,,,,,,,,,,,,,,,,,,,,,,
154,CAS,Al,SEBD,1618-1823,0.0001,,,,,11.01,5.7534,64227,10087.08,36.20561263,,30,,,,33.79438737,,,,100,Cooper1964JACS 47; 37,
155,basalt11(oliv&cpx diss),Al,SEBD,1509-1790,0.5-1.9,,,0.3-0.4,,-5.75,1.706,31293,2599.06,49.12147581,1.61717266,11.59328089,12.26230663,0.202625739,10.44196345,11.20386695,2.245383719,0.145424852,0.10039835,98.93389904,Chen2008GCA 72; 4756; Chen2009GCA 73; 5730,
156,andesite1(oliv&cpx diss),Al,SEBD,1488-1673,0.5-2.1,,,0.04,,-2.52,4.9506,37649,5848,54.73585882,1.162643529,15.57521176,7.676785882,0.121434582,7.944178824,8.122371765,3.145425688,1.323625602,0.348365952,100.1559024,Zhang1989CMP 102; 492,
157,Di to Di40An60,Al,SEBD,1743-1963,0.2,,,,,-3.76,9.2502,35624,17212,,,,,,,,,,,,Kubicki1990GCA 54; 2709,
158,wet rhyolite8-dacite1,Al,SEBD,,1,,,3,,-15.69,11.4374,17319,17190.98,67.54,0.32,14.835,2.655,0.04,0.85,2.785,7.09,3.125,,99.24,Baker1994CMP 117; 203,
159,wet rhyolite8-dacite1,Al,SEBD,,1,,,6,,-18.5,1.178,12809,1742.8,67.54,0.32,14.835,2.655,0.04,0.85,2.785,7.09,3.125,,99.24,Baker1994CMP 117; 203,
160,HD2-rhyolite8 couple,Al,SEBD,,0.0001-1,,,,,-17.5,2.44,21009,3704,69.94,0.335,15.48,2.85,0.03,0.875,2.875,4.49,2.72,0,99.895,Baker1988JNCS 102; 62,
161,rhyolite1-rhyolite8,Al,SEBD,,0.01-0.02,,,,,-14.73,16.534,23904,20322.8,72.585,0.185,10.17,4.365,0.2,0.035,0.395,6.99,4.395,0,99.32,Baker1988JNCS 102; 62,
162,rhyolite1-rhyolite8,Al,SEBD,,0.2,,,,,-4.24,3.352,38839,4573.2,72.585,0.185,10.17,4.365,0.2,0.035,0.395,6.99,4.395,0,99.32,Baker1988JNCS 102; 62,
163,rhyolite1-rhyolite8,Al,SEBD,,1,,,,,-23.71,3.74,10437,5531.2,72.585,0.185,10.17,4.365,0.2,0.035,0.395,6.99,4.395,0,99.32,Baker1988JNCS 102; 62,
164,basalt to andesite,Al,SEBD,,,,,,,lnD = -0.88-18.02X-(23111+5918X)/T where T is in K and X is cation mole fraciton of Si,,,,,,,,,,,,,,,This work,
165,,,,,,,,,,,,,,,,,,,,,,,,,,
166,dacite1,Ga,Tracer,1573-1873,1,,,,,-8.09,5.288,32212,9054,63.51,0.56,17.61,4.91,,1.68,5.24,4.67,1.77,,99.95,Baker1992GCA 56; 617,Mungall (2002) dismissed the data
167,albite melt,Ga,Tracer,1427-1775,0.0001,,,,,-0.24,6.8174,-52490,11004,69.14,,19.26,,,,,11.42,,,99.82,Baker1995GCA 59; 3561,Mungall (2002) dismissed the data
168,rhyolite14,Ga,Tracer,1573-1873,1,,,,,-4.27,1.8736,41689,3208,76.37,0.11,13.35,0.79,0.06,0.07,0.51,4.31,4.67,,100.24,Baker1992GCA 56; 617,Mungall (2002) dismissed the data
169,,,,,,,,,,,,,,,,,,,,,,,,,,
170,CMAS1,Tl,Tracer,1523-1623,0.0001,,,,,3.74,15.92,45880,25029.2,48.8,,15.6,,,10.7,24.6,,,,99.8,MacKenzie2008EPSL 269; 488,
171,NMAS1,Tl,Tracer,1472-1573,0.0001,,,,,5.06,16.9056,43579,25878.4,54.5,,15.8,,,12.1,0.5,17.6,,,100.5,MacKenzie2008EPSL 269; 488,
172,,,,,,,,,,,,,,,,,,,,,,,,,,
173,All melts,"CO2,total",Tracer,673-1773,0 to 1.5,,,0 to 5,,"lnD=-13.99-(17367+1945P)/T+(855.2+271.2)w/T  where w is H2Ot in wt%, T is in K and P is in GPa",,,,,,,,,,,,,,,Zhang2007RG 45; RG4004,
174,,,,,,,,,,,,,,,,,,,,,,,,,,
175,basalt to rhyolite,Si,SEBD(Soret),1748,1,,,,,lnD = -18.58-0.111w where w is wt% of SiO2,,,,,,,,,,,,,,,Lesher1986GCA 50; 1391,
176,basalt to rhyolite,Si,SEBD,1573-1773,1,,,0.8,,lnD = -35.37+0.43w -(1016.76w-32282)/T where T is in K and w is wt% of SiO2,,,,,,,,,,,,,,,Koyaguchi1989CMP 103; 143,
177,basalt to rhyolite,Si,SEBD,1473-1773,1,,,0.8-14,50-75,lnD = -3.50+1.298*w1-0.1462*w2-(24673+1352*w1)/T where T is in K; w1 is wt% of H2O and w2 is wt% of SiO2,,,,,,,,,,,,,,,Koyaguchi1989CMP 103; 143,
178,basalt6,Si,Self,1593-1873,1,,,,,-12.79,0.2744,20119,471.74,48.5,2.7,13.8,12.65,,7.55,10.9,2.5,0.41,,99.01,Lesher1996GCA 60; 405,
179,basalt11(oliv disso),Si,SEBD,1543-1753,0.5-1.4,,,,,-5.52,3.48,31586,5810,48.9815,1.798,13.0325,12.4,0.2,8.818,10.8975,2.45,0.15,0.1,98.8275,Chen2008GCA 72; 4756,
180,all dry basalt,Si,SD&SEBD,1543-1873,0.5-2,,,,,-9.33,3.0456,25356,5126,,,,,,,,,,,,This work,
181,Di52An48,Si,Self,1783-2037,1 to 4,,,,,lnD = -10.51-(26878-283.7P)/T where T is in K and P is in GPa,,,,49.84,,17.74,,,9.745,23.67,,,,100.995,Tinker2003GCA 67; 133,
182,dry andesite(oliv diss),Si,SEBD,1488-1673,0.5-1.3,,,,,lnD=-3.05-(37621-308.6P)/T where T is in K and P is in GPa,,,,,,,,,,,,,,,Zhang1989CMP 102; 492,
183,dacite1,Si,IEBD,1573-1773,1,,,,,-2.89,13.142,46082,22438,63.51,0.56,17.61,4.91,,1.68,5.24,4.67,1.77,,99.95,Baker1992GCA 56; 617,
184,HD2,Si,Self,1628-1935,1,,,,,-3.65,6.56,46019,11495.6,68.885,0.53,17.165,,,3.445,3.08,4.01,3.745,,100.86,Tinker2001AM 86; 1,
185,HD2,Si,Self,1683-1935,2,,,,,-8.31,5.36,36630,9582.72,68.885,0.53,17.165,,,3.445,3.08,4.01,3.745,,100.86,Tinker2001AM 86; 1,
186,HD2,Si,Self,1733-1935,4,,,,,-15.85,0.52,19644,952.6,68.885,0.53,17.165,,,3.445,3.08,4.01,3.745,,100.86,Tinker2001AM 86; 1,
187,HD2,Si,Self,1628-1935,1 to 4,,,,,lnD = -3.913P-(54245-8523P)/T where T is in K and P is in GPa,,,,68.885,0.53,17.165,,,3.445,3.08,4.01,3.745,,100.86,Tinker2001AM 86; 1,
188,rhyolite1-rhyolite8,Si,SEBD,1171-1473,0.01-1,,,,,-14.26,10.234,23210,13289.4,72.585,0.185,10.17,4.365,0.2,0.035,0.395,6.99,4.395,0,99.32,Baker1988JNCS 102; 62,
189,rhyolite14,Si,IEBD,1573-1773,1,,,,,-18.38,5.708,16691,9656.8,76.37,0.11,13.35,0.79,0.06,0.07,0.51,4.31,4.67,,100.24,Baker1992GCA 56; 617,
190,,,,,,,,,,,,,,,,,,,,,,,,,,
191,HR7+Na,Ge,Tracer,1083-1473,0.0001,,,,,-13.05,5.2306,22459,6453.4,66.15,,9.62,,,,,20.59,3.64,,100,Mungall1999GCA 63; 2599,
192,HR7 (HPG8),Ge,Tracer,1410-1873,0.0001,,,,,-11.27,5.1636,37414,8557.6,79.425,,11.64,,,,,4.77,4.165,,100,Mungall1999GCA 63; 2599,
193,,,,,,,,,,,,,,,,,,,,,,,,,,
194,phonolite1,Sn,Tracer,1373-1523,0.5,,,0.03-0.07,,0.45,10.418,40445,14931.48,59.8,0.78,19.52,2.95,,0.66,3.86,5.5,7.31,,100.38,Behrens2009CG 259; 63,
195,wet phonolite1,Sn,Tracer,1323-1528,0.5,,,1.6-1.9,,-7.81,3.1,26127,4442,59.8,0.78,19.52,2.95,,0.66,3.86,5.5,7.31,,100.38,Behrens2009CG 259; 63,
196,dry and wet phonolite,Sn,Tracer,1323-1528,0.5,,,0-1.9,,lnD = -6.34-(30799-1492w)/T where T is in K and w is wt% of H2Ot,,,,,,,,,,,,,,,This work,
197,trachyte1,Sn,Tracer,1323-1527,0.5,,,0.04-0.1,,-6.05,5.986,34432,8636.4,62.37,0.48,18.61,3.68,,0.24,1.73,5.43,7.25,,99.79,Behrens2009CG 259; 63,
198,wet trachyte1,Sn,Tracer,1323-1527,0.5,,,1.1-1.7,,-18.49,1.3846,12448,1962,62.37,0.48,18.61,3.68,,0.24,1.73,5.43,7.25,,99.79,Behrens2009CG 259; 63,
199,dry and wet trachyte,Sn,Tracer,1323-1527,0.5,,,0-1.7,,lnD = -11.08-(27290-2994w)/T where T is in K and w is wt% of H2Ot,,,,,,,,,,,,,,,This work,
200,,,,,,,,,,,,,,,,,,,,,,,,,,
201,rhyolite8,Pb,Tracer,1448-1723,1,,,,,-15.47,,17849,,73.68,0.28,13.64,1.815,0.1,0.22,0.99,4.57,4.09,,99.28,Perez1996GCA 60; 1387,
202,wet rhyolite8,Pb,Tracer,1348-1548,1,,,1,,-15.95,,15840,,73.68,0.28,13.64,1.815,0.1,0.22,0.99,4.57,4.09,,99.28,Perez1996GCA 60; 1387,
203,wet rhyolite8,Pb,Tracer,1273-1673,1,,,2.5,,-19.94,,8732,,73.68,0.28,13.64,1.815,0.1,0.22,0.99,4.57,4.09,,99.28,Perez1996GCA 60; 1387,
204,rhyolite8,Pb,Tracer,1273-1723,1,,,0-2.6,,lnD = -9.08-4.32w-(28512-7900w)/T where T is in K and w is wt% of H2Ot,,,,73.68,0.28,13.64,1.815,0.1,0.22,0.99,4.57,4.09,,99.28,This work,
205,,,,,,,,,,,,,,,,,,,,,,,,,,
206,rhyolite12(ap diss),P,SEBD,1473-1773,0.8,,,0.1,,12.62,2.354,72874,3794,76.01,0.11,13,0.7,,0.09,0.52,3.65,4.81,,98.89,Harrison1984GCA 48; 1467,
207,wet rhyolite12(ap diss),P,SEBD,1373-1573,0.8,,,1.9-2,,-14.28,10.74,25059,15748,76.01,0.11,13,0.7,,0.09,0.52,3.65,4.81,,98.89,Harrison1984GCA 48; 1467,
208,wet rhyolite12(ap diss),P,SEBD,1023-1573,0.8,,,6.0-6.2,,-15.69,2.7906,19194,2927.2,76.01,0.11,13,0.7,,0.09,0.52,3.65,4.81,,98.89,Harrison1984GCA 48; 1467,
209,wet rhyolite12(Mon diss),P,SEBD,1373-1673,0.8,,,1,,2.09,2.8316,53334,4278,76.01,0.11,13,0.7,,0.09,0.52,3.65,4.81,,98.89,Rapp1986CMP 94; 304,
210,wet rhyolite12(Mon diss),P,SEBD,1373-1573,0.8,,,2.0-2.1,,-10.22,0.4576,33088,671.04,76.01,0.11,13,0.7,,0.09,0.52,3.65,4.81,,98.89,Rapp1986CMP 94; 304,
211,wet rhyolite12(Mon diss),P,SEBD,1273-1673,0.8,,,3.9-4.0,,-12.54,5.369,27434,7599.6,76.01,0.11,13,0.7,,0.09,0.52,3.65,4.81,,98.89,Rapp1986CMP 94; 304,
212,wet rhyolite12(Mon diss),P,SEBD,1273-1673,0.8,,,5.8-6.0,,-10.97,1.9632,29615,2895.2,76.01,0.11,13,0.7,,0.09,0.52,3.65,4.81,,98.89,Rapp1986CMP 94; 304,
213,,,,,,,,,,,,,,,,,,,,,,,,,,
214,wet HA1,Sb,Tracer,1373-1673,0.5,,,4.5-5.2,,-12.56,1.28,16423,1934,62.09,,19.47,,,2.53,10.64,4.25,1.02,,100,Koepke2001GCA 65; 1481,
215,,,,,,,,,,,,,,,,,,,,,,,,,,
216,basalt6,18O,Self,,1,,,,,-12.5,0.4188,20447,720,48.5,2.7,13.8,12.65,,7.55,10.9,2.5,0.41,,99.01,Lesher1996GCA 60; 405,
217,Di52An48,18O,Self,1738-2037,1 to 4,,,,,lnD=-10.52-(26331-240P)/T where T is in K and P is in GPa,,,,49.84,,17.74,,,9.745,23.67,,,,100.995,Tinker2003GCA 67; 133,
218,jadeite melt,18O,Self,1673-1883,1.5,,,,,-10.84,1.216,31815,2132,59.45,,25.22,,,,,15.33,,,100,Shimizu1984GCA 48; 1295,
219,jadeite melt,18O,Self,1673-1883,0.5-2.0,,,,,lnD = -10.84-(32970-770P)/T where T is in K and P is in GPa,,,,59.45,,25.22,,,,,15.33,,,100,Shimizu1984GCA 48; 1295,
220,HD1,18O,Self,1628-1935,1 to 4,,,,,lnD=-6.57-2.148P-(40830-5223P)/T where T is in K and P is in GPa,,,,68.885,0.53,17.165,,,3.445,3.08,4.01,3.745,,100.86,Tinker2001AM 86; 1,
221,NS4,18O,Self,1893-2800,2.5-15,,,,,lnD=-17.19-(12693-360P)/T where T is in K and P is in GPa,,,,79.5,,,,,,,20.5,,,100,Poe1997Science; 276; 1245,
222,,,,,,,,,,,,,,,,,,,,,,,,,,
223,basalt(Etna),S,Tracer,1423-1723,0.5-1,,,,,-8.26,4.5,26620,7288,47.19,1.695,16.655,10.36,0.18,6.305,10.595,3.445,1.7,0.535,98.845,Freda2005GCA 69; 5061,
224,basalt(Stromboli),S,Tracer,1423-1723,0.5-1,,,,,-12.27,5.176,21930,8190.6,49.845,0.94,18.13,7.08,0.155,6.26,12.05,2.42,1.885,0.47,99.54,Freda2005GCA 69; 5061,
225,Low-K andesite,S,Tracer,1573-1773,1,,,,,-13.82,,22972,,61,,,,,,,,,,,Watson1994RiMG 30; 371,
226,dacite,S,Tracer,1573-1773,1,,,,,-8.87,,31632,,68,,,,,,,,,,,Watson1994RiMG 30; 371,
227,albite melt,S,Tracer,1573-1773,1.05,,,0.05,,3.44,-8.0755,55757,33682.6,68.3,,19.45,0.005,0.065,0.09,0.07,11.2,0.055,,99.2,Winther1998AM 83; 1141,
228,,,,,,,,,,,,,,,,,,,,,,,,,,
229,CMAS1,Te,Tracer,1523-1623,0.1,,,,,3.16,17.64,45699,27696,48.8,,15.6,,,10.7,24.6,,,,99.8,MacKenzie2008EPSL 269; 488,
230,,,,,,,,,,,,,,,,,,,,,,,,,,
231,basalt4,F,Tracer,1523-1723,0.5-1,,,,,-9.46,3.32,22967,5384,47.95,1.65,16.78,10.375,0.175,6.225,10.755,3.95,1.785,0.54,100.425,Alletti2007GCA 71; 3570,
232,wet basalt4,F,Tracer,1523-1723,1,,,3,,-8.62,5.16,23441,8228,47.95,1.65,16.78,10.375,0.175,6.225,10.755,3.95,1.785,0.54,100.425,Alletti2007GCA 71; 3570,
233,K-phonolite,F,Tracer,1473-1723,1,,,,,-9.64,3.288,23937,5275.4,55.825,0.22,22.355,2.26,0.12,0.205,2.67,6.46,9.89,,100,Balcone-Boissard2009CG 263; 89,
234,wet K-phonolite,F,Tracer,1523-1273,1,,,2,,-16.25,3.614,12466,5845,55.825,0.22,22.355,2.26,0.12,0.205,2.67,6.46,9.89,,100,Balcone-Boissard2009CG 263; 89,
235,wet K-phonolite,F,Tracer,1523-1723,1,,,5,,-14.88,2.19,13103,3542.6,55.825,0.22,22.355,2.26,0.12,0.205,2.67,6.46,9.89,,100,Balcone-Boissard2009CG 263; 89,
236,dry and wet K-phonolite,F,SEBD,1473-1723,1,,,0-5,,lnD=-11.43-(21110-481w)/T where T is in K and w is wt% of H2Ot,,,,,,,,,,,,,,,This work,
237,Na-phonolite,F,Tracer,1473-1723,1,,,,,-12.8,1.82,18004,2909.2,57.505,0.16,22.925,1.835,0.495,0.07,0.45,11.595,4.965,,100,Balcone-Boissard2009CG 263; 89,
238,wet Na-phonolite,F,Tracer,1523-1273,1,,,2,,-14.41,5.66,14716,9150.8,57.505,0.16,22.925,1.835,0.495,0.07,0.45,11.595,4.965,,100,Balcone-Boissard2009CG 263; 89,
239,wet Na-phonolite,F,Tracer,1523-1723,1,,,5,,-13.01,3.148,16136,5091.2,57.505,0.16,22.925,1.835,0.495,0.07,0.45,11.595,4.965,,100,Balcone-Boissard2009CG 263; 89,
240,dry and wet Na-phonolite,F,SEBD,1473-1723,1,,,0-5,,lnD=-13.04-(17624-312w)/T where T is in K and w is wt% of H2Ot,,,,,,,,,,,,,,,This work,
241,jadeite melt,F,FEBD,1473-1673,0.0001,,,,,-14.92,2.32,17377,3640,59.36245213,,25.01765332,,,,,15.63407298,,,100.0141784,Dingwell1985EPSL 73; 377,
242,jadeite melt,F,FEBD,1473-1673,1.0-1.5,,,,,-12.03,2,19137,3152,59.73,,25.2,,,,,15.03,,,99.96,Dingwell1984GCA 48; 2517,
243,albite melt,F,FEBD,1473-1673,0.0001,,,,,-20.08,5.7,14592,8935.2,70.01464276,,18.01944165,,,,,11.67357388,,,99.7076583,Dingwell1985EPSL 73; 377,
244,,,,,,,,,,,,,,,,,,,,,,,,,,
245,basalt4,Cl,Tracer,1523-1723,1,,,,,-7.19,2.9272,27045,4766.8,48.355,1.575,16.955,9.88,0.17,6.115,10.67,3.985,1.81,0.54,100.4,Alletti2007GCA 71; 3570,
246,basalt4,Cl,Tracer,1523-1673,1,,,3,,-3.68,1.5578,31326,2484,48.355,1.575,16.955,9.88,0.17,6.115,10.67,3.985,1.81,0.54,100.4,Alletti2007GCA 71; 3570,
247,K-phonolite,Cl,Tracer,1523-1723,1,,,,,-17.78,2.9492,12432,4698,55.855,0.23,22.42,2.24,0.125,0.205,2.66,6.37,9.905,,100,Balcone-Boissard2009CG 263; 89,
248,dry and wet K-phonolite,,,,,,,,,lnD=-15.88-(15429-547w)/T where T is in K and w is wt% of H2Ot,,,,,,,,,,,,,,,This work,
249,Na-phonolite,Cl,Tracer,1523-1723,1,,,,,-14.78,3.976,17781,6327.6,58.15,0.16,22.615,1.71,0.43,0.07,0.455,12.015,4.405,,100,Balcone-Boissard2009CG 263; 89,
250,dry and wet Na-phonolite,,,,,,,,,lnD=-14.57-(18963-605w)/T where T is in K and w is wt% of H2Ot,,,,,,,,,,,,,,,This work,
251,rhyolite17,Cl,Tracer,1123-1673,?0.1,,,,,-19.05,0.7576,11068,933.9,77.86,0.07,12.64,0.8,0.04,0.06,0.62,3.88,4.03,,100,Bai1994GCA 58; 113,
252,,,,,,,,,,,,,,,,,,,,,,,,,,
253,basalt4,Br,Tracer,1523-1723,1,,,,,-10.66,3.37,22024,5459,48.355,1.575,16.955,9.88,0.17,6.115,10.67,3.985,1.81,0.54,100.4,Alletti2007GCA 71; 3570,
254,,,,,,,,,,,,,,,,,,,,,,,,,,
255,basalt1,Sc,Tracer,1570-1676,0.0001,,,,,-10.3,2.23,23798,3597,45.89,3.72,16.55,11.759,0.18,6.3,9.62,3.72,1.66,0.52,99.92,Lowry1982CMP 80; 254,
256,andesite2,Sc,Tracer,1570-1676,0.0001,,,,,-12.88,3.9,22717,6319,57.76,0.85,19.14,6.281,0.11,3.45,6.27,4.31,1.79,0.2,100.16,Lowry1982CMP 80; 254,
257,,,,,,,,,,,,,,,,,,,,,,,,,,
258,phonolite1,Y,Tracer,1373-1523,0.5,,,,,-5.09,7.4694,35260,10988,59.8,0.78,19.52,2.95,,0.66,3.86,5.5,7.31,,100.38,Behrens2009CG 259; 63,
259,wet phonolite1,Y,Tracer,1323-1528,0.5,,,1.7,,-5.98,2.82,30330,4038,59.8,0.78,19.52,2.95,,0.66,3.86,5.5,7.31,,100.38,Behrens2009CG 259; 63,
260,wet HA1,Y,Tracer,1373-1673,0.5,,,4.5-5.2,,-11.3,0.4,20996,601,62.09,,19.47,,,2.53,10.64,4.25,1.02,,100,Koepke2001GCA 65; 1481,
261,trachyte1,Y,Tracer,1323-1527,0.5,,,,,-16.66,3.09,20688,4458,62.37,0.48,18.61,3.68,,0.24,1.73,5.43,7.25,,99.79,Behrens2009CG 259; 63,
262,wet trachyte1,Y,Tracer,1323-1527,0.5,,,1.1-1.7,,-15.76,1.44,17544,2043,62.37,0.48,18.61,3.68,,0.24,1.73,5.43,7.25,,99.79,Behrens2009CG 259; 63,
263,HR7+Na,Y,Tracer,1083-1473,0.0001,,,,,-14.36,2.6246,20650,3238,66.15,,9.62,,,,,20.59,3.64,,100,Mungall1999GCA 63; 2599,
264,rhyolite1,Y,Tracer,1171-1673,0.01-1,,,,,-10.62,5.99,27767,7948,71.56,0.26,7.69,8.06,0.32,0.01,0.27,7.11,4.25,0,99.53,Baker1988JNCS 102; 62,
265,HR7 (HPG8),Y,Tracer,1410-1773,0.0001,,,,,-10.67,2.5192,35658,4175.08,79.425,,11.64,,,,,4.77,4.165,,100,Mungall1999GCA 63; 2599,
266,wet HR7,Y,Tracer,1573-1873,1,,,3.6,,-10.91,?,26010,?,79.425,,11.64,,,,,4.77,4.165,,100,Mungall1999GCA 63; 2599,
267,dry and wet phonolote1,Y,Tracer,1323-1528,0.5,,,0-1.9,,lnD=-7.58-(31693-2132*sqrt(w))/T where T is in K and w is wt% of H2Ot,,,,,,,,,,,,,,,This work,
268,dry and wet trachyte1,Y,Tracer,1323-1528,0.5,,,0-1.7,,lnD=-15.22-(23941-4717*sqrt(w))/T where T is in K and w is wt% of H2Ot,,,,,,,,,,,,,,,This work,
269,,,,,,,,,,,,,,,,,,,,,,,,,,
270,phonolite1,La,Tracer,1373-1523,0.5,,,,,-6.2,4.6296,32843,6728,59.8,0.78,19.52,2.95,,0.66,3.86,5.5,7.31,,100.38,Behrens2009CG 259; 63,
271,wet phonolite1,La,Tracer,1323-1528,0.5,,,1.6-1.9,,-5.59,4.372,30489,6256,59.8,0.78,19.52,2.95,,0.66,3.86,5.5,7.31,,100.38,Behrens2009CG 259; 63,
272,wet HA1,La,Tracer,1373-1673,0.5,,,4.5-5.2,,-11.37,0.6495,20522,982.72,62.09,,19.47,,,2.53,10.64,4.25,1.02,,100,Koepke2001GCA 65; 1481,
273,trachyte1,La,Tracer,1323-1527,0.5,,,,,-15.07,2.138,22570,3084.52,62.37,0.48,18.61,3.68,,0.24,1.73,5.43,7.25,,99.79,Behrens2009CG 259; 63,
274,wet trachyte1,La,Tracer,1323-1527,0.5,,,1.1-1.7,,-15.32,1.856,17689,2630,62.37,0.48,18.61,3.68,,0.24,1.73,5.43,7.25,,99.79,Behrens2009CG 259; 63,
275,wet rhyolite12(Mon diss),La,SEBD,1373-1673,0.8,,,1,,6.98,5.44,60304,8226,76.01,0.11,13,0.7,,0.09,0.52,3.65,4.81,,98.89,Rapp1986CMP 94; 304,
276,wet rhyolite12(Mon diss),La,SEBD,1373-1573,0.8,,,2,,-5.91,8.5874,39377,12592,76.01,0.11,13,0.7,,0.09,0.52,3.65,4.81,,98.89,Rapp1986CMP 94; 304,
277,wet rhyolite12(Mon diss),La,SEBD,1273-1673,0.8,,,4,,-10.44,6.747,30847,9626,76.01,0.11,13,0.7,,0.09,0.52,3.65,4.81,,98.89,Rapp1986CMP 94; 304,
278,wet rhyolite12(Mon diss),La,SEBD,1273-1573,0.8,,,6,,-13.05,1.134,26853,1.59994,76.01,0.11,13,0.7,,0.09,0.52,3.65,4.81,,98.89,Rapp1986CMP 94; 304,
279,dry and wet phonolote1,La,Tracer,1323-1528,0.5,,,0-1.9,,lnD=-6.44-(33135-2941*sqrt(w))/T where T is in K and w is wt% of H2Ot,,,,,,,,,,,,,,,This work,
280,dry and wet trachyte1,La,Tracer,1323-1528,0.5,,,0-1.7,,lnD=-14.13-(25128-4810*sqrt(w))/T where T is in K and w is wt% of H2Ot,,,,,,,,,,,,,,,This work,
281,,,,,,,,,,,,,,,,,,,,,,,,,,
282,jadeite melt,Ce,Tracer,1573-1723,1.5,,,,,-4.71,4.312,38101,7127.2,59.45,,25.22,,,,,15.33,,,100,Nakamura1998GCA 62; 3151,
283,jadeite melt,Ce,Tracer,1573-1723,0.75-2,,,,,"lnD=-4.22-(41337-1687P)/T where T is in K, P is in GPa and D is in m2/s",,,,59.45,,25.22,,,,,15.33,,,100,Shimizu1984GCA 48; 1295,
284,wet rhyolite12(Mon diss),Ce,SEBD,1273-1673,0.8,,,1,,Same as La,,,,76.01,0.11,13,0.7,,0.09,0.52,3.65,4.81,,98.89,Rapp1986CMP 94; 304,
285,wet rhyolite12(Mon diss),Ce,SEBD,1373-1573,0.8,,,2,,Same as La,,,,76.01,0.11,13,0.7,,0.09,0.52,3.65,4.81,,98.89,Rapp1986CMP 94; 304,
286,wet rhyolite12(Mon diss),Ce,SEBD,1273-1673,0.8,,,4,,Same as La,,,,76.01,0.11,13,0.7,,0.09,0.52,3.65,4.81,,98.89,Rapp1986CMP 94; 304,
287,wet rhyolite12(Mon diss),Ce,SEBD,1273-1573,0.8,,,6,,Same as La,,,,76.01,0.11,13,0.7,,0.09,0.52,3.65,4.81,,98.89,Rapp1986CMP 94; 304,
288,rhyolite15,Ce,Tracer,1148-1573,0.0001,,,0.11,,28.27,10.974,86212,14592.6,76.87,0.07,12.2,0.94,0.05,0.05,0.3,4.38,4.4,,99.26,Jambon1982JGR 87; 10797,
289,dry rhy2 (excl. 2 outlier points) and wet rhy3(1%),Ce,,1148-16731,0.0001 and 0.8,,,,,5.78,1.87,58413,2536,,,,,,,,,,,,This work,
290,,,,,,,,,,,,,,,,,,,,,,,,,,
291,jadeite melt,Pr,Tracer,1573-1723,1.5,,,,,-5.02,5.2,37604,8597.472,59.45,,25.22,,,,,15.33,,,100,Nakamura1998GCA 62; 3151,
292,dry jadeite,Pr,Tracer,1573-1723,0.75-2,,,,,"lnD=-4.57-(40807-1697P)/T where T is in K, P is in GPa and D is in m2/s",,,,,,,,,,,,,,,This work,
293,,,,,,,,,,,,,,,,,,,,,,,,,,
294,HB1,Nd,Self,1623-1773,0.0001,air and reduced,,,,-10.14,2.5298,23937,4311.2,47.6,,16.4,,,16.9,19.4,,,,100.3,LaTourrette1997GCA 61; 755,
295,dry HB & basalt(L94),Nd,Self,1528-1773,0.0001-1,,,,,-10.11,1.66,24001,2803.1,,,,,,,,,,,,This work,
296,jadeite melt,Nd,Tracer,1573-1723,1.5,,,,,-4.58,2.14,38345,3537.02,59.45,,25.22,,,,,15.33,,,100,Nakamura1998GCA 62; 3151,
297,phonolite1,Nd,Tracer,1373-1523,0.5,,,?0.07,,-7.44,2.404,31072,3493.2,59.8,0.78,19.52,2.95,,0.66,3.86,5.5,7.31,,100.38,Behrens2009CG 259; 63,
298,wet phonolite1,Nd,Tracer,1323-1528,0.5,,,1.7,,-6.45,3.62,29286,5174,59.8,0.78,19.52,2.95,,0.66,3.86,5.5,7.31,,100.38,Behrens2009CG 259; 63,
299,dry and wet phonolite1,Nd,Tracer,1323-1528,0.5,,,?1.9,,"lnD=-7.45-(31697-2937sqrt(w))/T where T is in K, w iswt% of H2Ot",,,,59.8,0.78,19.52,2.95,,0.66,3.86,5.5,7.31,,100.38,Behrens2009CG 259; 63,
300,wet HA1,Nd,Tracer,1373-1673,0.5,,,4.5-5.2,,-11.44,0.14524,20280,219.8,62.09,,19.47,,,2.53,10.64,4.25,1.02,,100,Koepke2001GCA 65; 1481,
301,trachyte1,Nd,Tracer,1323-1527,0.5,,,?0.1,,-15.63,3.1862,21691,4597.04,62.37,0.48,18.61,3.68,,0.24,1.73,5.43,7.25,,99.79,Behrens2009CG 259; 63,
302,dry and wet trachyte,Nd,Tracer,1323-1527,0.5,,,?1.7,,"lnD=-14.57-(24381-4615sqrt(w))/T where T is in K, w iswt% of H2Ot",,,,62.37,0.48,18.61,3.68,,0.24,1.73,5.43,7.25,,99.79,Behrens2009CG 259; 63,
303,HR7+Na,Nd,Tracer,1083-1473,0.0001,,,,,-6.77,4.38,29425,5404,66.15,,9.62,,,,,20.59,3.64,,100,Mungall1999GCA 63; 2599,
304,rhyolite2,Nd,Self,1528-1738,1,,,,,-13.72,2.44,23881,3968,72.1,0.2,14.86,2.2,,0.47,2.03,4.13,3.2,,99.19,Lesher1994 JGR 99; 9585,
305,rhyolite8,Nd,Tracer,1448-1673,1,,,<0.8,,-10.8,5.184,29751,8149.6,73.715,0.29,13.59,1.82,0.1,0.17,0.97,4.665,4.17,,99.615,Perez1996GCA 60; 1387,
306,wet rhyolite12(Mon diss),Nd,SEBD,1273-1673,0.8,,,1,,same as La,,,,76.01,0.11,13,0.7,,0.09,0.52,3.65,4.81,,98.89,Rapp1986CMP 94; 304,
307,wet rhyolite12(Mon diss),Nd,SEBD,1273-1673,0.8,,,2,,same as La,,,,76.01,0.11,13,0.7,,0.09,0.52,3.65,4.81,,98.89,Rapp1986CMP 94; 304,
308,wet rhyolite12(Mon diss),Nd,SEBD,1273-1673,0.8,,,4,,same as La,,,,76.01,0.11,13,0.7,,0.09,0.52,3.65,4.81,,98.89,Rapp1986CMP 94; 304,
309,wet rhyolite12(Mon diss),Nd,SEBD,1273-1673,0.8,,,6,,same as La,,,,76.01,0.11,13,0.7,,0.09,0.52,3.65,4.81,,98.89,Rapp1986CMP 94; 304,
310,HR7 (HPG8),Nd,Tracer,1410-1873,0.0001,,,,,-9.9,0.92,35847,1488,79.425,,11.64,,,,,4.77,4.165,,100,Mungall1999GCA 63; 2599,
311,wet HR7,Nd,Tracer,1573-1873,1,,,3.6,,-14.7,?,18320,?,79.425,,11.64,,,,,4.77,4.165,,100,Mungall1999GCA 63; 2599,
312,dry and wet phonolote1,Nd,Tracer,1323-1528,0.5,,,0-1.9,,lnD=-7.45-(31697-2937*sqrt(w))/T where T is in K and w is wt% of H2Ot,,,,,,,,,,,,,,,This work,
313,dry and wet trachyte1,Nd,Tracer,1323-1528,0.5,,,0-1.7,,lnD=-14.57-(24391-4615*sqrt(w))/T where T is in K and w is wt% of H2Ot,,,,,,,,,,,,,,,This work,
314,,,,,,,,,,,,,,,,,,,,,,,,,,
315,jadeite melt,Sm,Tracer,1573-1723,1.5,,,,,-5.63,6.46,36782,10677.008,59.45,,25.22,,,,,15.33,,,100,Nakamura1998GCA 62; 3151,
316,phonolite1,Sm,Tracer,1373-1523,0.5,,,0.03-0.07,,-5.84,3.26,33648,4741.44,59.8,0.78,19.52,2.95,,0.66,3.86,5.5,7.31,,100.38,Behrens2009CG 259; 63,
317,wet phonolite1,Sm,Tracer,1323-1528,0.5,,,1.6-1.9,,-6.1,2.562,29826,3665.32,59.8,0.78,19.52,2.95,,0.66,3.86,5.5,7.31,,100.38,Behrens2009CG 259; 63,
318,wet HA1,Sm,Tracer,1373-1673,0.5,,,4.5-5.2,,-10.99,0.8054,21199,1218.6,62.09,,19.47,,,2.53,10.64,4.25,1.02,,100,Koepke2001GCA 65; 1481,
319,trachyte1,Sm,Tracer,1323-1527,0.5,,,?0.1,,-16.01,1.6048,21387,2315.4,62.37,0.48,18.61,3.68,,0.24,1.73,5.43,7.25,,99.79,Behrens2009CG 259; 63,
320,wet rhyolite12(Mon diss),Sm,SEBD,1273-1673,0.8,,,1,,Same as La,,,,76.01,0.11,13,0.7,,0.09,0.52,3.65,4.81,,98.89,Rapp1986CMP 94; 304,
321,wet rhyolite12(Mon diss),Sm,SEBD,1273-1673,0.8,,,2,,Same as La,,,,76.01,0.11,13,0.7,,0.09,0.52,3.65,4.81,,98.89,Rapp1986CMP 94; 304,
322,wet rhyolite12(Mon diss),Sm,SEBD,1273-1673,0.8,,,4,,Same as La,,,,76.01,0.11,13,0.7,,0.09,0.52,3.65,4.81,,98.89,Rapp1986CMP 94; 304,
323,wet rhyolite12(Mon diss),Sm,SEBD,1273-1673,0.8,,,6,,Same as La,,,,76.01,0.11,13,0.7,,0.09,0.52,3.65,4.81,,98.89,Rapp1986CMP 94; 304,
324,dry and wet phonolote1,Nd,Tracer,1323-1528,0.5,,,0-1.9,,lnD=-6.62-(33207-3149*sqrt(w))/T where T is in K and w is wt% of H2Ot,,,,,,,,,,,,,,,This work,
325,dry and wet trachyte1,Nd,Tracer,1323-1528,0.5,,,0-1.7,,lnD=-14.70-(24485-4790*sqrt(w))/T where T is in K and w is wt% of H2Ot,,,,,,,,,,,,,,,This work,
326,,,,,,,,,,,,,,,,,,,,,,,,,,
327,basalt1,Eu,Tracer,1567-1763,0.0001,4.3,,,,-1.13,6.508,38399,10546,45.9,3.72,16.55,12.58,0.18,6.3,9.62,3.79,1.73,0.52,100.89,Henderson1985CMP 89; 263,
328,HB1,Eu,Self,1673-1773,0.0001,4.3,,,,-10.46,1.7306,23505,2950,47.6,,16.4,,,16.9,19.4,,,,100.3,LaTourrette1997GCA 61; 755,
329,HB1,Eu,Self,1673-1773,0.0001,Fe-FeO,,,,-10.11,0.28,23505,479.4,47.6,,16.4,,,16.9,19.4,,,,100.3,LaTourrette1997GCA 61; 755,
330,basalt10,Eu,Tracer,1544-1709,0.0001,4.3,,,,-14.64,2.62,16092,4249.76,49.68,2.59,12.7,11.05,0.17,9.46,10.79,2.31,0.48,,99.23,Magaritz1978GCA 42; 847,
331,andesite2,Eu,Tracer,1517-1672,0.0001,4.3,,,,-9.8,3.2332,27039,5145.2,57.76,0.85,19.14,6.71,0.11,3.45,6.27,4.31,1.79,0.2,100.59,Henderson1985CMP 89; 263,
332,jadeite melt,Eu,Tracer,1573-1723,1.5,,,,,-18.47,7.42,12062,12261.04,59.45,,25.22,,,,,15.33,,,100,Nakamura1998GCA 62; 3151,
333,phonolite1,Eu,Tracer,1373,1523,,,0-0.07,,0.04,10.757,40138,15633.4,59.8,0.78,19.52,2.95,,0.66,3.86,5.5,7.31,,100.38,Behrens2009CG 259; 63,
334,wet HA1,Eu,Tracer,1373-1673,0.5,,,4.5-5.2,,-11.88,1.72,19575,2600,62.09,,19.47,,,2.53,10.64,4.25,1.02,,100,Koepke2001GCA 65; 1481,
335,trachyte1,Eu,Tracer,1323-1527,0.5,,,0-0.1,,-10.97,11.706,26727,16889.4,62.37,0.48,18.61,3.68,,0.24,1.73,5.43,7.25,,99.79,Behrens2009CG 259; 63,
336,dacite4(pitchstone),Eu,Tracer,1517-1672,0.0001,4.3,,,,-9.28,3.607,29874,5764,69,1.02,13.11,5.3,0.13,1,2.7,4.21,2.72,0.24,99.43,Henderson1985CMP 89; 263,
337,pantellerite1,Eu,Tracer,1475-1568,0.0001,4.3,,,,3.41,9.06,50446,13783.2,69.2,0.44,10.75,8.5,0.3,0.11,0.56,6.32,4.14,0.02,100.34,Henderson1985CMP 89; 263,
338,rhyolite15,Eu,Tracer,973-1268,0.0001?,4.3?,,0.11,,-4.39,3.9454,37590,4452,76.87,0.07,12.2,0.94,0.05,0.05,0.3,4.38,4.4,,99.26,Jambon1982JGR 87; 10797,
339,,,,,,,,,,,,,,,,,,,,,,,,,,
340,basalt10,Gd,Tracer,1544-1713,0.0001,,,,,-14.21,3.9,16799,6267.12,49.68,2.59,12.7,11.05,0.17,9.46,10.79,2.31,0.48,,99.23,Magaritz1978GCA 42; 847,
341,jadeite melt,Gd,Tracer,1573-1723,1.5,,,,,-2.08,1.45736,42750,2408.8,59.45,,25.22,,,,,15.33,,,100,Nakamura1998GCA 62; 3151,
342,phonolite1,Gd,Tracer,1323-1523,0.5,,,?0.07,,-5.86,5.74,33949,8342,59.8,0.78,19.52,2.95,,0.66,3.86,5.5,7.31,,100.38,Behrens2009CG 259; 63,
343,wet phonolite1,Gd,Tracer,1323-1528,0.5,,,1.6-1.8,,-5.91,3.214,30248,4598,59.8,0.78,19.52,2.95,,0.66,3.86,5.5,7.31,,100.38,Behrens2009CG 259; 63,
344,wet HA1,Gd,Tracer,1373-1673,0.5,,,4.5-5.2,,-11.99,1.00458,19867,1520,62.09,,19.47,,,2.53,10.64,4.25,1.02,,100,Koepke2001GCA 65; 1481,
345,trachyte1,Gd,Tracer,1323-1527,0.5,,,?0.1,,-15.04,1.5064,23008,2173.3,62.37,0.48,18.61,3.68,,0.24,1.73,5.43,7.25,,99.79,Behrens2009CG 259; 63,
346,dry and wet phonolote1,Gd,Tracer,1323-1528,0.5,,,0-1.9,,lnD=-6.55-(33656-3294*sqrt(w))/T where T is in K and w is wt% of H2Ot,,,,,,,,,,,,,,,This work,
347,dry and wet trachyte1,Gd,Tracer,1323-1528,0.5,,,0-1.7,,lnD=-13.60-(26366-5021*sqrt(w))/T where T is in K and w is wt% of H2Ot,,,,,,,,,,,,,,,This work,
348,,,,,,,,,,,,,,,,,,,,,,,,,,
349,HR7+Na,Tb,Tracer,1083-1473,0.0001,,,,,-6.04,3.6718,30629,4530,66.15,,9.62,,,,,20.59,3.64,,100,Mungall1999GCA 63; 2599,
350,HR7 (HPG8),Tb,Tracer,1410-1873,0.0001,,,,,-8.95,1.2034,38248,1947.8,79.425,,11.64,,,,,4.77,4.165,,100,Mungall1999GCA 63; 2599,
351,wet HR7,Tb,Tracer,1573-1873,1,,,3.6,,-15.29,?,17641,?,79.425,,11.64,,,,,4.77,4.165,,100,Mungall1999GCA 63; 2599,
352,,,,,,,,,,,,,,,,,,,,,,,,,,
353,jadeite melt,Dy,Tracer,1573-1723,1.5,,,,,-1.93,2.06,43180,3404,59.45,,25.22,,,,,15.33,,,100,Nakamura1998GCA 62; 3151,
354,jadeite melt,Dy,Tracer,1573-1723,0.75-2.0,,,,,lnD = -1.93 -(46240-2040P)/T where T is in K and P is in GPa,,,,,,,,,,,,,,,This work,
355,,,,,,,,,,,,,,,,,,,,,,,,,,
356,jadeite melt,Er,Tracer,1573-1723,1.5,,,,,-1.3,2.4676,44256,3711.6,59.45,,25.22,,,,,15.33,,,100,Nakamura1998GCA 62; 3151,
357,jadeite melt,Dy,Tracer,1573-1723,0.75-2.0,,,,,lnD = -1.30 -(47186-1953P)/T where T is in K and P is in GPa,,,,,,,,,,,,,,,This work,
358,wet HA1,Er,Tracer,1373-1673,0.5,,,4.5-5.2,,-13.34,1.9,17895,2876,62.09,,19.47,,,2.53,10.64,4.25,1.02,,100,Koepke2001GCA 65; 1481,
359,,,,,,,,,,,,,,,,,,,,,,,,,,
360,HB1,Yb,Self,1623-1773,0.0001,,,,,-12.34,6.06,20310,10329.2,47.7,,16,,,16.4,19.2,,,,99.3,LaTourrette1996GCA 60; 1329,
361,jadeite melt,Yb,Tracer,1573-1723,1.5,,,,,-1.71,3.5512,43717,5869.7,59.45,,25.22,,,,,15.33,,,100,Nakamura1998GCA 62; 3151,
362,wet HA1,Yb,Tracer,1373-1673,0.5,,,4.5-5.2,,-10.69,2.874,21840,4348,62.09,,19.47,,,2.53,10.64,4.25,1.02,,100,Koepke2001GCA 65; 1481,
363,trachyte1,Yb,Tracer,1323-1527,0.5,,,?0.1,,-15.68,1.7006,22478,2453.48,62.37,0.48,18.61,3.68,,0.24,1.73,5.43,7.25,,99.79,Behrens2009CG 259; 63,
364,phonolite1,Yb,Tracer,1323-1523,0.5,,,?0.07,,-4.91,4.2114,35927,6120.4,59.8,0.78,19.52,2.95,,0.66,3.86,5.5,7.31,,100.38,Behrens2009CG 259; 63,
365,wet phonolite1,Yb,Tracer,1323-1528,0.5,,,1.6-1.8,,-7.24,3.4712,28635,4966.572,59.8,0.78,19.52,2.95,,0.66,3.86,5.5,7.31,,100.38,Behrens2009CG 259; 63,
366,dry and wet phonolote1,Yb,Tracer,1323-1528,0.5,,,0-1.9,,lnD=-6.96-(33718-3570*sqrt(w))/T where T is in K and w is wt% of H2Ot,,,,,,,,,,,,,,,This work,
367,dry and wet trachyte1,Yb,Tracer,1323-1528,0.5,,,0-1.7,,lnD=-14.19-(25867-4892*sqrt(w))/T where T is in K and w is wt% of H2Ot,,,,,,,,,,,,,,,This work,
368,,,,,,,,,,,,,,,,,,,,,,,,,,
369,jadeite melt,Lu,Tracer,1573-1723,1.5,,,,,-0.95,3.78,45072,6248.72,59.45,,25.22,,,,,15.33,,,100,Nakamura1998GCA 62; 3151,
370,HR7+Na,Lu,Tracer,1083-1473,0.0001,,,,,-6.55,?,30146,?,66.15,,9.62,,,,,20.59,3.64,,100,Mungall1999GCA 63; 2599,
371,HR7 (HPG8),Lu,Tracer,1410-1873,0.0001,,,,,-8.07,3.22,39949,5206,79.425,,11.64,,,,,4.77,4.165,,100,Mungall1999GCA 63; 2599,
372,wet HR7,Lu,Tracer,1573-1873,1,,,3.6,,-15.48,?,17189,?,79.425,,11.64,,,,,4.77,4.165,,100,Mungall1999GCA 63; 2599,
373,,,,,,,,,,,,,,,,,,,,,,,,,,
374,HB1,Ti,Self,1623-1773,0.0001,,,,,-10.08,2.23,24600,3800,47.7,,16,,,16.4,19.2,,,,99.3,LaTourrette1996GCA 60; 1329,
375,basalt11(oliv diss),Ti,SEBD,,,,,,,-10.03,3.968,22303,6624.8,50.23,1.94,13.61,12.06,0.22,7.05,10.75,2.73,0.17,0.1,98.86,Chen2008GCA 72; 4756,
376,basalt11(cpx diss),Ti,SEBD,,,,,,,-8.92,5.2658,25515,8624,50.23,1.94,13.61,12.06,0.22,7.05,10.75,2.73,0.17,0.1,98.86,Chen2009GCA 73; 5730,
377,HR7+Na,Ti,Tracer,1083-1473,0.0001,,,,,-13.68,3.9656,20894,4892.8,66.15,,9.62,,,,,20.59,3.64,,100,Mungall1999GCA 63; 2599,
378,wet rhyolite-trondhjemite,Ti,SEBD,,,,,5 to 12,,-8.21,5.467,22388,6626.74,,,,,,,,,,,,Hayden2007EPSL 258; 561,
379,HR7 (HPG8),Ti,Tracer,1410-1873,0.0001,,,,,-9.16,2.9928,39776,4960,79.425,,11.64,,,,,4.77,4.165,,100,Mungall1999GCA 63; 2599,
380,wet HR7,Ti,Tracer,1573-1873,1,,,3.61-3.67,,-12.72,?,23748,?,79.425,,11.64,,,,,4.77,4.165,,100,Mungall1999GCA 63; 2599,
381,,,,,,,,,,,,,,,,,,,,,,,,,,
382,HB1,Zr,Self,1623-1773,0.0001,air,,,,-9.82,3.6972,25865,6299.4,47.6,,16.4,,,16.9,19.4,,,,100.3,LaTourrette1997GCA 61; 755,
383,phonolite1,Zr,Tracer,1373-1523,0.5,,,0.03-0.07,,-2.76,5.759,40820,8369.72,59.8,0.78,19.52,2.95,,0.66,3.86,5.5,7.31,,100.38,Behrens2009CG 259; 63,
384,wet phonolite1,Zr,Tracer,1323-1528,0.5,,,1.6-1.9,,-1.86,7.9702,37780,11404,59.8,0.78,19.52,2.95,,0.66,3.86,5.5,7.31,,100.38,Behrens2009CG 259; 63,
385,wet HA1,Zr,Tracer,1373-1673,0.5,,,4.5-5.2,,-11.18,0.3614,22736,546.76,62.09,,19.47,,,2.53,10.64,4.25,1.02,,100,Koepke2001GCA 65; 1481,
386,trachyte1,Zr,Tracer,1323-1527,0.5,,,0.04-0.1,,-10.12,22.7116,31977,32220,62.37,0.48,18.61,3.68,,0.24,1.73,5.43,7.25,,99.79,Behrens2009CG 259; 63,
387,HR7+Na,Zr,Tracer,1083-1473,0.0001,,,,,-8.79,2.7968,29379,3450.6,66.15,,9.62,,,,,20.59,3.64,,100,Mungall1999GCA 63; 2599,
388,rhyolite12(Ap diss),Zr,Tracer,1473-1773,0.8,,,,,-2.26,4.552,49263,7389.04,76.1,0.1,13,0.7,,0.1,0.5,3.7,4.8,,99,Harrison1983CMP 84; 66,
389,HR7 (HPG8),Zr,Tracer,1410-1873,0.0001,,,,,-7.55,3.8688,42366,6396.8,79.425,,11.64,,,,,4.77,4.165,,100,Mungall1999GCA 63; 2599,
390,wet HR7,Zr,Tracer,1573-1873,1,,,,,-11.56,?,25105,?,79.425,,11.64,,,,,4.77,4.165,,100,Mungall1999GCA 63; 2599,
391,,,,,,,,,,,,,,,,,,,,,,,,,,
392,phonolite1,Hf,Tracer,1373-1523,0.5,,,.03-.07,,4.01,10.501,51550,18390.54,59.8,0.78,19.52,2.95,,0.66,3.86,5.5,7.31,,100.38,Behrens2009CG 259; 63,
393,wet phonolite1,Hf,Tracer,1423-1473,0.5,,,1.6-1.9,,-2.17,0.12452,37285,178.2,59.8,0.78,19.52,2.95,,0.66,3.86,5.5,7.31,,100.38,Behrens2009CG 259; 63,
394,wet HA1,Hf,Tracer,1373-1673,0.5,,,4.5-5.2,,-12.547,2.5714,20586,3890.56,62.09,,19.47,,,2.53,10.64,4.25,1.02,,100,Koepke2001GCA 65; 1481,
395,trachyte1,Hf,Tracer,1323-1523,0.5,,,<0.1,,-8.94,11.982,33059,16999.4,62.37,0.48,18.61,3.68,,0.24,1.73,5.43,7.25,,99.79,Behrens2009CG 259; 63,
396,HR7+Na,Hf,Tracer,1083-1473,0.0001,,,,,-10.82,1.32734,27830,1637.68,66.15,,9.62,,,,,20.59,3.64,,100,Mungall1999GCA 63; 2599,
397,HR7 (HPG8),Hf,Tracer,1410-1873,0.0001,,,,,-7.9,8.143,42614,13495.56,79.425,,11.64,,,,,4.77,4.165,,100,Mungall1999GCA 63; 2599,
398,wet HR7,Hf,Tracer,1573-1873,1,,,3.6,,-10.48,?,28724,?,79.425,,11.64,,,,,4.77,4.165,,100,Mungall1999GCA 63; 2599,
399,,,,,,,,,,,,,,,,,,,,,,,,,,
400,phonolite1,Nb,Tracer,1373-1523,0.5,,,.03-.07,,-4.36,5.7706,37678,8386.78,59.8,0.78,19.52,2.95,,0.66,3.86,5.5,7.31,,100.38,Behrens2009CG 259; 63,
401,wet phonolite1,Nb,Tracer,1423-1473,0.5,,,1.6-1.9,,4.36,1.4,33106,2004,59.8,0.78,19.52,2.95,,0.66,3.86,5.5,7.31,,100.38,Behrens2009CG 259; 63,
402,wet HA1,Nb,Tracer,1373-1673,0.5,,,4.5-5.2,,-11.93,0.2088,20974,316,62.09,,19.47,,,2.53,10.64,4.25,1.02,,100,Koepke2001GCA 65; 1481,
403,trachyte1,Nb,Tracer,1323-1523,0.5,,,<0.1,,-4.38,16.4552,38812,23344,62.37,0.48,18.61,3.68,,0.24,1.73,5.43,7.25,,99.79,Behrens2009CG 259; 63,
404,HR7+Na,Nb,Tracer,1083-1473,0.0001,,,,,-13.03,7.3134,22022,9023.2,66.15,,9.62,,,,,20.59,3.64,,100,Mungall1999GCA 63; 2599,
405,rhyolite1,Nb,Tracer,1171-1673,0.01-1,,,,,-15.77,4.56994,21329,6066,71.56,0.26,7.69,8.06,0.32,0.01,0.27,7.11,4.25,0,99.53,Baker1988JNCS 102; 62,
406,HR7 (HPG8),Nb,Tracer,1410-1873,0.0001,,,,,-10.68,2.915,36266,4819.74,79.425,,11.64,,,,,4.77,4.165,,100,Mungall1999GCA 63; 2599,
407,wet HR7,Nb,Tracer,1573-1873,1,,,3.6-3.7,,-11.21,?,25331,?,79.425,,11.64,,,,,4.77,4.165,,100,Mungall1999GCA 63; 2599,
408,all dry melts,Nb,Tracer,1083-1873,?1,,,,,"lnD=-10.92-(81534X1+22351X2-28958-290P)/T where T is in KP is in GPa, X1=X(SA)=Si+Al and X2=X(NK)=Na+K",,,,,,,,,,,,,,,This work,
409,,,,,,,,,,,,,,,,,,,,,,,,,,
410,HR7+Na,Ta,Tracer,1083-1473,0.0001,,,,,-9.18,7.78,27001,9598,66.15,,9.62,,,,,20.59,3.64,,100,Mungall1999GCA 63; 2599,
411,HR7 (HPG8),Ta,Tracer,1410-1873,0.0001,,,,,-12.41,2.8432,33792,4682.88,79.425,,11.64,,,,,4.77,4.165,,100,Mungall1999GCA 63; 2599,
412,,,,,,,,,,,,,,,,,,,,,,,,,,
413,phonolite1,Cr,Tracer,1373-1523,0.5,,,.03-.07,,-3.16,7.464,36322,10980,59.8,0.78,19.52,2.95,,0.66,3.86,5.5,7.31,,100.38,Behrens2009CG 259; 63,
414,wet phonolite1,Cr,Tracer,1423-1473,0.5,,,1.7,,-12.97,12.909092,18666,19014,59.8,0.78,19.52,2.95,,0.66,3.86,5.5,7.31,,100.38,Behrens2009CG 259; 63,
415,wet HA1,Cr,Tracer,1373-1673,0.5,,,4.5-5.2,,-7,4.192,27244,6342.6,62.09,,19.47,,,2.53,10.64,4.25,1.02,,100,Koepke2001GCA 65; 1481,
416,,,,,,,,,,,,,,,,,,,,,,,,,,
417,HR7+Na,W,Tracer,1083-1473,0.0001,,,,,-11.53,1.3034,23495,1608,66.15,,9.62,,,,,20.59,3.64,,100,Mungall1999GCA 63; 2599,
418,HR7 (HPG8),W,Tracer,1410-1873,0.0001,,,,,-11.95,12.0088,33296,19778.6,79.425,,11.64,,,,,4.77,4.165,,100,Mungall1999GCA 63; 2599,
419,,,,,,,,,,,,,,,,,,,,,,,,,,
420,basalt1,Mn,Tracer,1567-1671,0.0001,,,,,-13.53,12.26,16182,19572.8,45.89,3.72,16.55,11.759,0.18,6.3,9.62,3.72,1.66,0.52,99.919,Lowry1982CMP 80; 254,
421,andesite2,Mn,Tracer,1575-1676,0.0001,,,,,-6.8,1.9736,29409,3203.44,57.76,0.85,19.14,6.281,0.11,3.45,6.27,4.31,1.79,0.2,100.161,Lowry1982CMP 80; 254,
422,dacite4(pitchstone),Mn,Tracer,1573-1672,0.0001,,,,,-10.59,4.8548,25306,7847.006,69,1.02,13.11,5.3,0.13,1,2.7,4.21,2.72,0.24,99.43,Henderson1985CMP 89; 263,
423,pantellerite1,Mn,Tracer,1473-1575,0.0001,,,,,-8.34,?,22728,?,69.2,0.44,10.75,8.5,0.3,0.11,0.56,6.32,4.14,0.02,100.34,Henderson1985CMP 89; 263,
424,rhyolite1-rhyolite8,Mn,SEBD,1268-1673,0.01-1,,,,,-14.02,9.7312,23122,13402,72.585,0.185,10.17,4.365,0.2,0.035,0.395,6.99,4.395,0,99.32,Baker1988JNCS 102; 62,
425,all dry melts,Mn,Tracer and SEBD,1268-1676,0.0001-0.02,,,,,"lnD = 1.15-15.44*X1-39.92*X2-23993/T where X1=Si+Ti+Al+P and X2=max(0,Na+K-Al) cation mole fractions",,,,,,,,,,,,,,,This work,
426,,,,,,,,,,,,,,,,,,,,,,,,,,
427,basalt1,Fe,Tracer,1570-1675,0.0001,4.32,,,,-4.76,4.288,31936,6983.44,45.89,3.72,16.55,11.759,0.18,6.3,9.62,3.72,1.66,0.52,99.919,Lowry1982CMP 80; 254,
428,andesite2,Fe,Tracer,1575-1674,0.0001,4.32,,,,-5.74,1.58,32950,2576,57.76,0.85,19.14,6.281,0.11,3.45,6.27,4.31,1.79,0.2,100.161,Lowry1982CMP 80; 254,
429,wet HA1,Fe,Tracer,1373-1583,0.5,,,4.9-5.2,,-7.83,6.84,24421,10052.8,62.09,,19.47,,,2.53,10.64,4.25,1.02,,100,Koepke2001GCA 65; 1481,
430,dacite4(pitchstone),Fe,Tracer,1576-1672,0.0001,4.32,,,,-14.35,3.24,21301,5260,69,1.02,13.11,5.3,0.13,1,2.7,4.21,2.72,0.24,99.43,Henderson1985CMP 89; 263,
431,dry basalt-andesite-dacite,Fe,Tracer,1570-1675,0.0001,4.32,,,,lnD = 5.3-17.64*X1-29879/T where X1=Si+Ti+Al+P (cation mole fractions),,,,,,,,,,,,,,,This work,
432,pantellerite1,Fe,Tracer,1475-1568,0.0001,4.32,,,,3.5,7.80992,50497,11880.8,69.2,0.44,10.75,8.5,0.3,0.11,0.56,6.32,4.14,0.02,100.34,Henderson1985CMP 89; 263,
433,dacite1&pantellerite1,Fe,Tracer,1475-1672,0.0001,4.32,,,,1.65,5.5304,47461,8706,,,,,,,,,,,,This work,
434,HR1,Fe2+,Tracer,1516-1716,0.0001,,,,,-9.33,4.286,30840,6816.8,71.55,,19.1,0.625,,,,8.75,,,100,Dunn1990JGR 95; 15665,
435,HR1,Fe2+,Tracer,1523-1723,0.6-2,,,,,-10.31,4.114,26767,6742,71.55,,19.1,0.625,,,,8.75,,,100,Dunn1990JGR 95; 15665,
436,rhyolite1-rhyolite8,Fe,SEBD,1173-1271,0.01-1,,,,,-15.15,2,22245,2658,72.585,0.185,10.17,4.365,0.2,0.035,0.395,6.99,4.395,0,99.32,Baker1988JNCS 102; 62,
437,,,,,,,,,,,,,,,,,,,,,,,,,,
438,basalt1,Co,Tracer,1567-1671,0.0001,,,,,-9,2.5736,23672,4171.4,45.89,3.72,16.55,11.759,0.18,6.3,9.62,3.72,1.66,0.52,99.92,Lowry1982CMP 80; 254,
439,basalt10,Co,Tracer,1553-1713,0.0001,,,,,-11.86,0.74,18736,1196.6,49.68,2.59,12.7,11.05,0.17,9.46,10.79,2.31,0.48,,99.3,Hofmann1977JGR 82; 5432,
440,basalt1 & basalt3,Co,Tracer,1553-1713,0.0001,,,,,-11.05,2.2896,20211,3706,,,,,,,,,,,,This work,
441,andesite2,Co,Tracer,1572-1672,0.0001,,,,,-4.34,3.5494,33550,5733.12,57.76,0.85,19.14,6.281,0.11,3.45,6.27,4.31,1.79,0.2,100.16,Lowry1982CMP 80; 254,
442,dacite4(pitchstone),Co,Tracer,1573-1672,0.0001,,,,,-13.97,7.2388,20002,11744.514,69,1.02,13.11,5.3,0.13,1,2.7,4.21,2.72,0.24,99.43,Henderson1985CMP 89; 263,
443,pantellerite1,Co,Tracer,1473-1573,0.0001,,,,,-19.59,?,13337,?,69.2,0.44,10.75,8.5,0.3,0.11,0.56,6.32,4.14,0.02,100.34,Henderson1985CMP 89; 263,
444,basalt to pantellerite,Co,Tracer,1473-1672,0.0001,,,,,"lnD = -15.72*X1-43.6*X2-21924/T where X1=Si+Ti+Al+P and X2=max(0,Na+K-Al) cation mole fractions",,,,,,,,,,,,,,,This work,
445,,,,,,,,,,,,,,,,,,,,,,,,,,
446,phonolite1,Ni,Tracer,,0.5,,,.03-.07,,-1.87,6.18,37339,8907.2,59.8,0.78,19.52,2.95,,0.66,3.86,5.5,7.31,,100.38,Behrens2009CG 259; 63,
447,wet phonolite1,Ni,Tracer,,0.5,,,1.7,,-2.71,10.918,31533,16081.6,59.8,0.78,19.52,2.95,,0.66,3.86,5.5,7.31,,100.38,Behrens2009CG 259; 63,
448,wet HA1,Ni,Tracer,,0.5,,,4.5-5.2,,-10.35,2.5,21907,7572,62.09,,19.47,,,2.53,10.64,4.25,1.02,,100.00,Koepke2001GCA 65; 1481,
449,trachyte1,Ni,Tracer,,0.5,,,<0.1,,-10.6,9.586,26134,13592,62.37,0.48,18.61,3.68,,0.24,1.73,5.43,7.25,,99.79,Behrens2009CG 259; 63,
450,,,,,,,,,,,,,,,,,,,,,,,,,,
451,phonolite1,Zn,Tracer,1373-1523,0.5,,,.03-.07,,-6.43,4.3188,30138,6276.6,59.8,0.78,19.52,2.95,,0.66,3.86,5.5,7.31,,100.38,Behrens2009CG 259; 63,
452,wet HA1,Zn,Tracer,1373-1673,0.5,,,4.5-5.2,,-11.6,1.156,18663,1749.2,62.09,,19.47,,,2.53,10.64,4.25,1.02,,100,Koepke2001GCA 65; 1481,
453,trachyte1,Zn,Tracer,1323-1523,0.5,,,<0.1,,-18.06,33.542,16502,47560,62.37,0.48,18.61,3.68,,0.24,1.73,5.43,7.25,,99.79,Behrens2009CG 259; 63,
454,wet trachyte1,Zn,Tracer,1373-1527,0.5,,,1.13-1.4,,-9.77,6.44,23333,9254.94,62.37,0.48,18.61,3.68,,0.24,1.73,5.43,7.25,,99.79,Behrens2009CG 259; 63,
455,rhyolite1,Zn,Tracer,1171-1273,0-0.02,,,,,-5.9,2.1678,33426,2642,71.56,0.26,7.69,8.06,0.32,0.01,0.27,7.11,4.25,0,99.53,Baker1988JNCS 102; 62,
456,,,,,,,,,,,,,,,,,,,,,,,,,,
457,CMAS1,Cd,Tracer,1523-1623,0.0001,,,,,8.45,13.6572,51073,21468.52,48.8,,15.6,,,10.7,24.6,,,,99.8,MacKenzie2008EPSL 269; 488,
458,,,,,,,,,,,,,,,,,,,,,,,,,,
459,basalt5,Re,Tracer,1523-1623,0.0001,air,,,,6.88,6.894,51286,10838,48.1,1.1,15,12.2,0.2,8.1,12.2,2.3,0.1,0.1,99.3,MacKenzie2006GCA 70; 5236,
460,,,,,,,,,,,,,,,,,,,,,,,,,,
461,HB1,Th,Self,1623-1773,0.0001,air and Fe-FeO,,,,-9.3,2.3748,26554,4037.2,47.6,,16.4,,,16.9,19.4,,,,100.3,LaTourrette1997GCA 61; 755,
462,HR7 (HPG8),Th,Tracer,1473-1873,0.0001,,,0.02,,-7.05,3.2294,44331,5482,79.1,,12.07,,,,,4.6,4.23,,100,Mungall1997GCA 61; 2237,
463,dry and wet HPG8,Th,Tracer,1273-1773,?3.5,,,? 5,,"lnD = -7.02-1.30u - (44682-1370P-7281u)/T where T is in K, P is in GPa, and u is sqrt of H2Ot wt%",,,,,,,,,,,,,,,This work,
464,,,,,,,,,,,,,,,,,,,,,,,,,,
465,HB1,U,Self,1623-1773,0.0001,air,,,,-4.81,4.754,34268,8014,47.6,,16.4,,,16.9,19.4,,,,100.3,LaTourrette1997GCA 61; 755,
466,HB1,U,Self,1673-1773,0.0001,Fe-FeO,,,,-7.32,1.1378,29659,1939.32,47.6,,16.4,,,16.9,19.4,,,,100.3,LaTourrette1997GCA 61; 755,
467,HR7 (HPG8),U,Tracer,1473-1873,0.0001,,,0.02,,-6.7,1.698,43763,2882.8,79.1,,12.07,,,,,4.6,4.23,,100,Mungall1997GCA 61; 2237,
468,dry and wet HPG8,U,Tracer,1273-1773,?3.5,,,? 5,,"lnD = -6.37-2.65u - (44729-1093P-8944u)/T where T is in K, P is in GPa, and u is sqrt of H2Ot wt%",,,,,,,,,,,,,,,This work,
